so_id,gmv_per_so
SO_10003,596.821851270884
SO_10005,456.9519663568053
SO_10008,510.06300156794657
SO_10014,82.20184088541062
SO_10016,339.45498554128426
SO_10019,223.89897424458695
SO_10035,502.0837676160218
SO_10041,76.51616098656422
SO_10059,124.18179074167315
SO_1008,326.34000000000003
SO_10085,173.54
SO_10089,110.0106537946309
SO_10090,88.31772401968728
SO_10100,182.44314887433683
SO_10105,241.36026368599946
SO_10115,520.8758496801889
SO_10118,173.54
SO_10121,40.62240191561242
SO_10127,110.0106537946309
SO_10135,176.5
SO_10144,622.2846073180976
SO_10150,192.22
SO_10152,49.83
SO_10164,75.5712743552066
SO_10171,490.61887406763356
SO_10184,639.7909318585172
SO_10192,98.75339659666783
SO_10195,175.2312743552066
SO_10196,332.3565258363552
SO_10198,856.9330516727105
SO_10209,127.12534151290674
SO_10217,582.4043832769503
SO_10227,127.12534151290674
SO_10228,376.48
SO_10229,186.94860190537656
SO_10245,320.19154686174784
SO_10251,320.19154686174784
SO_10256,140.81872161055708
SO_10259,584.6504253535533
SO_10269,454.53728841774307
SO_10274,185.52115109181344
SO_10275,451.42449036351996
SO_10282,194.32526560850565
SO_10283,531.4282397548526
SO_10287,228.11337550265262
SO_1029,307.63538128783574
SO_10296,177.14274658495088
SO_10297,86.80168209430968
SO_10303,130.95074269839975
SO_10307,627.3579957538185
SO_10309,97.16263280425282
SO_10314,48.58131640212641
SO_10354,85.91137480542058
SO_10373,146.41289132171545
SO_10375,499.6286417160923
SO_10379,861.8184469685903
SO_10383,355.5723053641293
SO_10389,326.2132932695923
SO_10403,175.20204149606153
SO_10406,794.805978760739
SO_10407,78.3424246362557
SO_10409,1468.4297840910237
SO_10411,305.48244602275594
SO_10413,183.84108671522705
SO_10417,235.0272739087671
SO_10424,1336.422331590915
SO_10441,154.08
SO_10446,610.9648920455119
SO_10447,166.1688772346843
SO_10450,78.3424246362557
SO_10459,166.1688772346843
SO_10460,308.0213387171858
SO_10465,97.23270566035227
SO_10479,254.45228299992527
SO_10480,123.25
SO_10487,587.991346049639
SO_10515,573.4726598259681
SO_10532,324.206080768341
SO_10535,1145.7845365893902
SO_10544,371.8621270265008
SO_10546,246.5
SO_10554,123.25
SO_10579,638.7090464384424
SO_10581,242.23999999999998
SO_10587,312.19983284350974
SO_10592,45.6124042292966
SO_10605,788.8744771570662
SO_10608,72.69065128207836
SO_10610,64.1927015743482
SO_10612,192.22
SO_10617,177.5742196644656
SO_10623,158.50038518110995
SO_10629,216.29848275002547
SO_10639,637.4088122243373
SO_10645,91.346064436361
SO_10651,334.9013028374701
SO_10652,202.94
SO_10653,124.69694245803964
SO_10657,157.79234462409346
SO_10661,176.5
SO_10663,216.29848275002547
SO_10665,245.40354337606956
SO_10671,122.70177168803478
SO_10672,608.8199999999999
SO_10678,170.49771260403253
SO_10681,191.45330749373488
SO_10690,49.83
SO_10718,49.83
SO_10729,152.75872675832227
SO_10733,82.41986996643523
SO_10752,246.5
SO_10763,1037.76
SO_10764,369.0862263069325
SO_10789,65.25203034193127
SO_10805,576.2047123230528
SO_10808,145.75917237789915
SO_10816,686.6377632033765
SO_10821,192.0682374410176
SO_10846,160.48742617892105
SO_10848,532.2287558673214
SO_10888,1188.9040548331059
SO_10889,60.84295380643839
SO_10891,160.19229595716575
SO_10894,107.227725059518
SO_10897,115.73471293580157
SO_10898,80.09614797858288
SO_10908,702.7557257899346
SO_10910,83.80497293880093
SO_10920,46.094055024586055
SO_10927,33.700259934786295
SO_1094,170.82
SO_10941,104.90524299262368
SO_10950,115.73471293580157
SO_10953,114.9292046808024
SO_10965,321.35944999181584
SO_10966,267.56932727581966
SO_10970,321.35944999181584
SO_10971,115.73471293580157
SO_10974,46.094055024586055
SO_10979,954.1706446063374
SO_10984,427.35243405433135
SO_10988,175.68893144748364
SO_10990,33.700259934786295
SO_10994,138.28216507375816
SO_10997,321.35944999181584
SO_11001,137.6702993124327
SO_11005,167.60994587760186
SO_11006,142.4508113514438
SO_11007,641.8078841733674
SO_11012,321.35944999181584
SO_11014,922.5963010654577
SO_11020,80.09614797858288
SO_11027,133.59703302953554
SO_11030,104.90524299262368
SO_11033,114.9292046808024
SO_11040,392.1293477624056
SO_11041,252.5995039932351
SO_11043,435.1828358337682
SO_11044,388.17869920026936
SO_11045,214.455450119036
SO_11048,92.18811004917211
SO_11049,46.094055024586055
SO_11050,46.094055024586055
SO_11056,79.91622205137078
SO_11059,428.910900238072
SO_11074,80.09614797858288
SO_11077,214.455450119036
SO_11080,239.74866615411233
SO_11081,142.4508113514438
SO_11082,335.2198917552037
SO_11083,46.094055024586055
SO_11091,428.910900238072
SO_11093,404.05504141142006
SO_11096,747.6241429762554
SO_11103,142.4508113514438
SO_11105,214.455450119036
SO_11108,107.227725059518
SO_11109,83.80497293880093
SO_1111,180.3797639330618
SO_11113,610.6409130827838
SO_11121,80.09614797858288
SO_11124,92.18811004917211
SO_11125,68.83514965621634
SO_11130,133.59703302953554
SO_11136,453.27016583836854
SO_11141,82.22934237409562
SO_11144,151.61047853112228
SO_11147,736.1409018247134
SO_11149,453.27016583836854
SO_11153,831.4206892800324
SO_11154,460.8844374202639
SO_11156,114.21121306335294
SO_11158,83.2305050232639
SO_1116,326.8219806218847
SO_11165,333.10834688869073
SO_11177,227.47674704261817
SO_11179,88.29370365924234
SO_11185,642.3454275592005
SO_11192,154.6369794445708
SO_11193,124.1871577643925
SO_11195,228.4224261267059
SO_11197,318.4220696631569
SO_11202,37.39926546776932
SO_11207,186.28073664658874
SO_11210,190.56073902550742
SO_11213,667.842779598229
SO_11216,265.8216915944752
SO_11220,64.57391372775588
SO_11221,82.22934237409562
SO_11225,105.14331856726142
SO_11226,76.81194759558363
SO_11235,37.39926546776932
SO_11237,453.27016583836854
SO_11239,37.39926546776932
SO_11244,151.09005527945618
SO_11249,146.98356941272306
SO_11253,146.98356941272306
SO_11260,251.8716133410458
SO_11265,209.0771482949193
SO_11275,151.09005527945618
SO_11276,307.24779038233453
SO_11278,144.65832351514135
SO_11280,23.778828568423826
SO_11281,453.27016583836854
SO_11282,128.07586641495945
SO_11283,146.98356941272306
SO_11286,679.6369047824135
SO_11291,267.2926680508866
SO_11292,373.2258856780692
SO_11297,151.09005527945618
SO_11299,824.4346054839558
SO_11303,251.8716133410458
SO_11304,256.1517328299189
SO_1131,98.64214030099225
SO_11310,680.3306340005763
SO_11313,112.19779640330796
SO_11319,1007.4864533641831
SO_11327,72.32916175757067
SO_11328,37.39926546776932
SO_11330,70.09554571150761
SO_11337,565.1378660025617
SO_11340,74.79853093553864
SO_11343,362.43598717885317
SO_11346,76.81194759558363
SO_11351,114.21121306335294
SO_11354,251.8716133410458
SO_11355,251.8716133410458
SO_11362,62.09357888219625
SO_11371,162.48265635017822
SO_11374,27.316305822636664
SO_11391,568.6277884188441
SO_11393,27.316305822636664
SO_11395,186.2054770094487
SO_11398,559.772290544821
SO_11399,129.65906405142954
SO_11400,69.9760992229064
SO_11404,268.5390861541471
SO_11409,256.1815762323551
SO_11424,1173.052699128003
SO_11430,158.98617389774358
SO_11434,582.4664087813477
SO_11435,941.3840501497167
SO_11437,53.83271805465897
SO_11443,79.49308694887179
SO_11446,60.327325015703025
SO_11448,293.26317478200076
SO_11450,235.40799964230536
SO_11465,238.47926084661535
SO_11468,436.8498065860108
SO_11474,134.87047599447922
SO_11475,355.5448998640561
SO_11482,47.584048882078946
SO_11484,69.9760992229064
SO_11497,145.61660219533692
SO_11502,139.9521984458128
SO_11507,142.15694710471104
SO_11511,139.9521984458128
SO_11517,142.15694710471104
SO_11518,145.61660219533692
SO_11520,145.61660219533692
SO_11527,142.15694710471104
SO_11528,47.584048882078946
SO_11534,145.61660219533692
SO_11539,231.2663928181795
SO_11545,586.5263495640015
SO_11546,79.49308694887179
SO_11557,145.61660219533692
SO_11559,347.889903642151
SO_11561,291.23320439067385
SO_11571,73.10148543875344
SO_11572,130.30643502275564
SO_11574,189.8071893992819
SO_11579,145.2589838178116
SO_11581,134.5621024587163
SO_11592,130.30643502275564
SO_11593,40.161950965433434
SO_11595,267.98277342354015
SO_11601,189.8071893992819
SO_11602,110.49017388113118
SO_11607,390.87792012129125
SO_11612,146.20297087750689
SO_11614,83.48188454244392
SO_11623,530.8516593762644
SO_11626,324.9729531232087
SO_11638,287.6804012654345
SO_11652,134.5621024587163
SO_11653,120.4858528963003
SO_11655,166.96376908488784
SO_11656,260.6128700455113
SO_11658,130.30643502275564
SO_11660,130.30643502275564
SO_11662,287.6804012654345
SO_11680,188.24603489731888
SO_11696,376.49206979463776
SO_11711,47.19018099244638
SO_11717,49.83
SO_11745,128.6554970954921
SO_11747,467.4129094813586
SO_11756,628.9513924475574
SO_11757,65.47879840863997
SO_11762,236.47649128647635
SO_11771,374.2198023654093
SO_11775,65.47879840863997
SO_11776,78.82549709549211
SO_11785,235.57152198054288
SO_11802,49.83
SO_11821,83.58188028112782
SO_11828,655.5113305251435
SO_11833,497.77270947894056
SO_11839,418.90339895583895
SO_11842,70.60361721661182
SO_11843,104.72584973895974
SO_11849,393.04685973998073
SO_11852,192.33240848163504
SO_11869,127.6596664653697
SO_11887,81.61919822979641
SO_11914,115.58821386801881
SO_11922,161.29143371957966
SO_11937,252.11144611424402
SO_11942,399.12127280754385
SO_12006,418.83408019638375
SO_12008,678.3549479782794
SO_12018,79.31961253058299
SO_12024,167.504388220218
SO_12031,97.96210981779264
SO_12034,76.64700709307384
SO_12036,202.6766355164414
SO_12040,79.31961253058299
SO_12043,97.96210981779264
SO_12053,87.40034585418316
SO_12073,38.32350354653692
SO_12079,237.62393112255026
SO_12080,87.40034585418316
SO_12085,132.28992242680712
SO_12094,1148.0830607492826
SO_12095,137.10253834261013
SO_12098,293.88632945337787
SO_12114,332.78440757423385
SO_12118,59.96767363577703
SO_12123,97.96210981779264
SO_12126,1226.9203086002533
SO_12127,400.76703583237344
SO_12133,430.09634988724747
SO_12134,87.40034585418316
SO_12137,245.38406172005068
SO_12140,349.60138341673263
SO_12141,195.92421963558527
SO_12142,255.15518413709106
SO_12146,271.2742914079485
SO_12149,304.2783177582207
SO_12150,47.064873298288234
SO_12152,141.70761818174878
SO_1216,106.33610261897395
SO_12161,490.76812344010136
SO_12162,77.88821545450524
SO_12163,258.69093294625816
SO_12164,245.38406172005068
SO_12167,37.54558346407147
SO_12169,37.54558346407147
SO_12173,116.21171900104216
SO_12182,380.7915638546564
SO_12185,245.38406172005068
SO_12189,116.21171900104216
SO_12190,333.97252986031117
SO_12191,155.7764309090105
SO_12193,167.504388220218
SO_12198,112.63675039221441
SO_12207,552.6461981894319
SO_12212,155.7764309090105
SO_12213,335.008776440436
SO_12214,97.96210981779264
SO_12219,580.3928381604867
SO_12220,66.79450597206224
SO_12222,249.17017116556886
SO_12223,412.8884499402687
SO_12225,58.44012436938087
SO_12226,245.38406172005068
SO_12227,265.4664980380106
SO_12231,158.79802174048217
SO_12244,272.76280152615897
SO_12246,77.88821545450524
SO_12249,343.3461715378433
SO_12259,317.59604348096434
SO_12264,158.63922506116597
SO_12270,490.76812344010136
SO_12272,335.008776440436
SO_12280,63.200505259725524
SO_12286,94.12974659657647
SO_12287,141.70761818174878
SO_12288,981.5362468802027
SO_12291,38.32350354653692
SO_12292,1116.0383177582207
SO_12294,38.32350354653692
SO_12295,158.79802174048217
SO_12297,304.2783177582207
SO_12301,476.39406522144657
SO_12303,510.8505597580613
SO_12308,926.9386147763695
SO_12313,235.83736477832525
SO_12314,116.21171900104216
SO_12315,252.8020210389021
SO_12327,167.504388220218
SO_12333,155.7764309090105
SO_12335,66.79450597206224
SO_1234,112.57425310844965
SO_12340,155.7764309090105
SO_12341,77.88821545450524
SO_12350,405.6166355164414
SO_12362,38.32350354653692
SO_12367,405.6166355164414
SO_12371,47.064873298288234
SO_12372,97.96210981779264
SO_12373,490.76812344010136
SO_12376,211.6095349573901
SO_12377,141.70761818174878
SO_12381,292.3649962032637
SO_12384,167.504388220218
SO_12385,202.94
SO_12389,58.44012436938087
SO_12390,279.3236426095152
SO_12392,343.3461715378433
SO_12393,283.41523636349757
SO_12394,113.41467047467987
SO_12395,245.38406172005068
SO_12398,174.80069170836632
SO_12399,273.99754060855594
SO_12404,293.88632945337787
SO_12405,58.44012436938087
SO_12414,153.29401418614768
SO_12423,400.76703583237344
SO_12426,275.6782704792439
SO_12428,38.32350354653692
SO_12429,587.7726589067557
SO_12430,245.38406172005068
SO_12431,194.0999344555474
SO_12432,141.70761818174878
SO_12435,141.70761818174878
SO_12436,38.32350354653692
SO_12439,335.008776440436
SO_12457,490.76812344010136
SO_12461,678.3549479782794
SO_12463,333.97252986031117
SO_12464,77.88821545450524
SO_12466,913.0983177582207
SO_12467,376.03616785034524
SO_12470,116.21171900104216
SO_12471,1767.6497080907234
SO_12475,22.422090171705563
SO_12476,97.96210981779264
SO_12477,114.97051063961077
SO_12479,194.0999344555474
SO_12482,58.44012436938087
SO_12483,87.40034585418316
SO_12484,264.57984485361425
SO_12487,79.31961253058299
SO_12489,167.504388220218
SO_12492,142.52011779030852
SO_12495,77.88821545450524
SO_12497,128.75417361764
SO_12499,77.88821545450524
SO_12501,564.3741555006394
SO_12504,38.32350354653692
SO_12506,77.88821545450524
SO_12507,436.33885608901875
SO_12515,538.5773854621702
SO_12517,77.88821545450524
SO_12518,141.70761818174878
SO_12521,637.2515702775124
SO_12523,175.3203731081426
SO_12526,273.8124350900905
SO_12528,77.88821545450524
SO_12531,202.94
SO_12532,188.25949319315293
SO_12534,38.32350354653692
SO_12535,155.7764309090105
SO_12536,155.7764309090105
SO_12537,245.38406172005068
SO_12546,261.38012436938084
SO_12550,502.51316466065396
SO_12551,76.64700709307384
SO_12554,490.76812344010136
SO_12555,141.70761818174878
SO_12558,196.22302839063042
SO_12559,64.33878656178426
SO_12563,49.83
SO_12565,64.33878656178426
SO_12566,231.12
SO_12570,383.83627665989326
SO_12571,218.91908517189125
SO_12590,156.4573200672897
SO_12596,202.94
SO_12597,92.30372217954596
SO_12598,191.91813832994663
SO_12599,195.77605678126082
SO_12601,64.33878656178426
SO_12614,1102.4028815539818
SO_12622,560.7645534428186
SO_12646,97.9329227870296
SO_12662,45.87778410407436
SO_12671,43.15048117308509
SO_12675,68.59
SO_12678,177.42127742243906
SO_12679,87.39685614391018
SO_12680,68.59
SO_12682,97.9329227870296
SO_12686,358.63831746088897
SO_12700,709.161540453901
SO_12714,49.83
SO_12721,172.3493672342051
SO_12733,118.88404996503438
SO_12734,178.5825988155192
SO_12738,354.5807702269505
SO_12744,486.560790766629
SO_1275,266.5585809266202
SO_12765,905.7040581866474
SO_12769,70.1
SO_12776,275.8111069269346
SO_12810,170.82
SO_12811,457.8131662919002
SO_12833,48.06730135632659
SO_12842,134.38139274375672
SO_12845,312.73006015521315
SO_12928,29.613292847844928
SO_12947,126.52210071730484
SO_12948,139.26500955056204
SO_12951,28.818786017504927
SO_12953,341.91305834552395
SO_12971,80.1004308671175
SO_12997,47.33786516877811
SO_13003,68.92141921627864
SO_13008,397.28312113522344
SO_13035,163.67536611117058
SO_13044,135.15799190383265
SO_13048,83.36441429518965
SO_1306,270.9802919746409
SO_13078,114.91300778906384
SO_13100,82.2514993217734
SO_13106,479.33869092528596
SO_13112,156.51260040570034
SO_13133,190.28947260953407
SO_13145,156.51260040570034
SO_13174,839.4882188940115
SO_1318,162.3942673032871
SO_13191,951.5509619408278
SO_13227,108.81258678115172
SO_13232,45.5580329420732
SO_13234,161.2238358954486
SO_13257,176.1284879030063
SO_13261,176.1284879030063
SO_13279,158.32247554106996
SO_13289,345.92
SO_13290,27.079544903739354
SO_13301,247.68321547639783
SO_13360,90.0494366777281
SO_13362,186.19316988906698
SO_13363,118.79658169999509
SO_13425,304.3511109676009
SO_13429,116.45962873915921
SO_13452,592.8005243676478
SO_13460,87.5597968668002
SO_13471,67.11848318268348
SO_13482,224.72531940654335
SO_13487,593.3287646757645
SO_1350,860.878598810142
SO_13516,344.6145936861448
SO_13524,322.69857480931836
SO_13529,82.59388894902463
SO_13546,147.62187811653058
SO_13551,137.18
SO_13554,685.6791239511069
SO_13559,156.8263747814769
SO_13560,79.62741177580091
SO_13561,156.8263747814769
SO_13562,173.47367938119464
SO_13585,342.5319453324078
SO_13591,195.3666078524302
SO_13595,97.6833039262151
SO_13620,162.88577565736614
SO_13639,855.2307667815224
SO_13643,170.81928964763253
SO_13644,402.0531270125989
SO_13660,89.87001935803642
SO_13664,155.29003849986154
SO_13670,450.6831565672449
SO_13671,43.96651577551387
SO_13674,151.70327772414058
SO_13676,213.58291660167237
SO_13685,46.25058080326668
SO_13701,341.7891336038261
SO_13704,323.01850405765475
SO_13716,92.07405020948318
SO_13722,86.77
SO_13723,80.85761536676594
SO_13735,97.89
SO_13783,188.5906624786093
SO_13795,350.17853967605885
SO_13799,377.50616202290337
SO_138,43.89952311552096
SO_13813,220.46513798405346
SO_13825,344.7356349932253
SO_13830,172.90384341539914
SO_13859,290.09066977940194
SO_13890,299.8551066626469
SO_13892,165.6720277027694
SO_13939,691.84
SO_13951,60.74498564855597
SO_13955,297.6185429040067
SO_13969,1013.8587582584934
SO_13997,495.5661502639964
SO_14016,85.36199197230907
SO_14023,314.0121595659422
SO_14024,157.0060797829711
SO_14033,68.38495320468279
SO_1404,84.01683565637862
SO_14073,477.605769318503
SO_14076,127.02523312857758
SO_14099,420.0344613942225
SO_14106,64.71888254784074
SO_14147,155.03367569583014
SO_14153,608.8199999999999
SO_14161,117.18503372142499
SO_142,453.557243602717
SO_14200,170.82
SO_14202,336.62990484207006
SO_14206,123.7115675850786
SO_14213,272.4974912226136
SO_14222,99.66
SO_14226,387.58355281808906
SO_14232,316.0159025516489
SO_14235,91.61278170854926
SO_14291,26.692521980153387
SO_14337,181.462893973769
SO_14354,923.2856711568942
SO_14363,535.6800000000001
SO_14371,43.647785728483534
SO_14390,340.84634116811367
SO_14399,230.17003714099988
SO_14419,79.40220924829103
SO_14420,123.92693749085826
SO_14432,29.826611449533
SO_14443,428.06773953565295
SO_14446,77.51993299426137
SO_14450,91.1992801697705
SO_14477,228.9185575981677
SO_14483,44.40328819544103
SO_1455,30.349581328060708
SO_14568,103.46565754016805
SO_14578,434.6709659043888
SO_14688,47.457506214184605
SO_1472,868.5956654450736
SO_14755,833.6274215619057
SO_14791,86.77
SO_14807,88.17624268998657
SO_14810,65.59344545009732
SO_14820,66.1889541481186
SO_14853,47.195078974366844
SO_14863,267.134953896061
SO_14890,206.22313509749802
SO_14932,101.77957967060718
SO_14959,88.33227859940078
SO_14971,159.3927108945656
SO_14996,1281.2473441417355
SO_1501,192.77471574824102
SO_15029,99.75819378203404
SO_15063,64.64444236054835
SO_15242,315.0051003240369
SO_15260,237.76699543696185
SO_15270,622.3246795369129
SO_15288,238.2781622643924
SO_15302,193.41602705830545
SO_15322,175.32294507924885
SO_15370,47.925614981658626
SO_15405,443.9894890441973
SO_15417,282.55520351411894
SO_15431,160.43067146854082
SO_15442,48.09898116928337
SO_15446,152.5520656355734
SO_15483,27.078366050316532
SO_15539,56.97082654053888
SO_15548,183.25035357218115
SO_15550,183.25035357218115
SO_15638,222.78543334533194
SO_15648,137.18
SO_1570,189.2780590351533
SO_15712,376.48
SO_15899,107.08
SO_15900,69.41803132556899
SO_15933,161.72596939619115
SO_15948,301.188979149998
SO_15959,99.6579609779455
SO_15994,92.16337605013965
SO_16009,348.17163162114446
SO_1604,178.7438379767473
SO_16087,54.33660228661077
SO_16088,193.00834813080306
SO_16104,49.05819043280966
SO_16139,158.37281457856793
SO_16166,177.05562546089132
SO_16188,179.0217461464946
SO_16236,1114.5006243892917
SO_16243,164.09822984173596
SO_16258,474.59090525064585
SO_16259,288.8408011857639
SO_16271,88.05944177261576
SO_16280,487.04228839451514
SO_16305,89.32694027033816
SO_16308,89.32694027033816
SO_16340,133.03213272811632
SO_16342,176.5
SO_16357,183.1458892993107
SO_16364,281.8172726325206
SO_16371,833.7730938286004
SO_16398,504.5952893373149
SO_16412,88.95658383872323
SO_16425,284.45867219347264
SO_16445,94.8195573978242
SO_16489,196.14916659668773
SO_16490,222.843063842536
SO_16493,155.39
SO_16512,45.82824065934713
SO_1652,230.3726025725087
SO_16545,70.19445066837653
SO_16553,80.85654507358424
SO_16577,163.85753423119067
SO_16584,488.9583661639874
SO_16589,69.77050651105043
SO_16591,488.9583661639874
SO_16593,746.4690705853418
SO_16613,162.9861220546625
SO_16627,84.41016640672603
SO_16653,510.77862355053287
SO_16654,747.7930595765065
SO_16659,217.56
SO_16665,373.91492569400276
SO_16678,131.50967478708813
SO_16693,111.21393818018599
SO_16697,207.63688604554923
SO_16715,68.01341692625554
SO_16718,301.3667369512298
SO_16724,120.54669478049192
SO_16732,346.4702532351795
SO_16736,39.62425579704834
SO_16739,68.01341692625554
SO_16745,171.69297779413196
SO_16811,275.14790450463886
SO_16833,90.59945308802956
SO_16846,146.24222425942946
SO_16850,47.82308517401302
SO_16862,89.37304537717756
SO_16877,579.4150550486518
SO_16878,120.67246923366685
SO_16902,386.2767033657679
SO_16907,197.84569905741117
SO_16942,865.6008279208623
SO_16944,152.06789161785414
SO_16945,207.96620432582134
SO_16951,612.5236285609574
SO_16990,1188.7739653217882
SO_17012,52.22421282542899
SO_17016,615.8158311937871
SO_17028,143.24115692697825
SO_17038,93.79137628684155
SO_17040,267.91512576894155
SO_17050,126.23991189566487
SO_17061,200.45409770727755
SO_17103,304.0167142177772
SO_17106,509.5184346640484
SO_17108,153.1684941285766
SO_17116,219.32499071456238
SO_17118,26.35435669114924
SO_17119,71.53510898236318
SO_17122,140.1824889716557
SO_17124,73.10833023818746
SO_17125,94.81760232482543
SO_1715,350.1989479742038
SO_17153,282.3309711018409
SO_17168,220.47321111025946
SO_17170,360.8197635970987
SO_17174,170.31228213640355
SO_17175,72.5287960284337
SO_17188,681.2491285456142
SO_17192,290.1151841137348
SO_17201,188.11126368700832
SO_17213,56.46619422036817
SO_17225,898.8355166309153
SO_17226,37.574983716709966
SO_17237,285.699775238401
SO_17251,226.13495594664582
SO_17252,354.4882031967565
SO_17253,226.13495594664582
SO_17281,269.52040387586936
SO_17283,301.5132745955278
SO_17285,75.37831864888194
SO_17288,726.5873371829266
SO_17291,137.59258312598968
SO_17293,232.41369493187818
SO_17305,68.57120170965842
SO_17319,293.1066825114866
SO_17330,262.65321250588806
SO_17368,166.02626208232553
SO_17378,289.0155280497924
SO_17393,152.34059838388083
SO_17411,385.4806794357114
SO_17422,154.19227177428456
SO_17449,63.38910485185379
SO_17452,462.57681532285375
SO_17466,823.603751197568
SO_1748,427.5702734229431
SO_17485,152.9876976711519
SO_17495,80.47650387820545
SO_17511,612.7033979697475
SO_17565,48.04174139984064
SO_1757,142.6130791518048
SO_17574,173.99378785264898
SO_17583,270.37945657719115
SO_17594,721.0118842058431
SO_17614,286.8095456704633
SO_17615,99.3047642515232
SO_17619,187.50478141894013
SO_17621,375.00956283788025
SO_17627,811.6960492282419
SO_17636,284.6222779613313
SO_17644,326.9288577030264
SO_17646,131.13917103160134
SO_17654,341.11106318385225
SO_17663,357.574924975564
SO_17674,89.31739024894924
SO_17681,44.94255848143406
SO_17684,208.27822078633017
SO_17688,345.92
SO_17698,326.4013133001488
SO_177,88.46643225224156
SO_17707,422.90262170200515
SO_17717,169.16104868080205
SO_17724,338.3220973616041
SO_17742,94.12
SO_1777,307.26646191180396
SO_17788,946.5302276544985
SO_17792,251.07207077819703
SO_17798,406.1626637657267
SO_17812,196.15623233733157
SO_17814,1014.7
SO_17818,608.8199999999999
SO_17820,83.69069025939902
SO_17827,352.3385504038762
SO_17829,166.40153725150665
SO_17837,44.26535604951793
SO_17844,98.28145671783375
SO_17845,353.0
SO_17864,707.1555371299129
SO_17871,422.46597519268033
SO_17874,442.4236042156939
SO_17877,168.98639007707214
SO_17883,226.3322935071235
SO_17888,329.31759657813643
SO_17901,175.80682048780554
SO_17926,184.78980081723847
SO_17945,321.6657547680156
SO_17951,227.19430440461085
SO_17954,277.3617854249871
SO_17961,554.3694024517154
SO_17964,190.2638517869535
SO_17990,608.8199999999999
SO_17992,202.94
SO_17995,311.72
SO_18008,293.77182544595036
SO_18014,394.9192426770965
SO_18023,293.77182544595036
SO_18027,481.5610205370104
SO_1803,550.5483358425835
SO_18043,785.0032722304488
SO_18053,154.34789768203078
SO_18061,461.2352915953272
SO_18081,661.7003625085513
SO_18092,292.7121292322895
SO_18096,112.32392491570852
SO_18133,583.2320367198807
SO_18135,194.4106789066269
SO_18136,388.8213578132538
SO_18137,85.60845157348517
SO_18139,256.8253547204555
SO_1815,195.1775345759957
SO_18152,252.89455194013792
SO_18160,550.9623696338141
SO_18172,191.08666501992707
SO_18175,286.6299975298906
SO_18180,367.3082464225427
SO_18199,513.2421110912667
SO_18203,535.5766650199271
SO_18208,195.6335108657146
SO_18223,85.3734119564693
SO_18245,563.3886158335067
SO_18247,489.771162258856
SO_18251,94.37
SO_18256,294.13765139314137
SO_18296,1221.6785131024117
SO_18300,226.52612692051832
SO_18316,425.8762848418724
SO_18329,672.3613500136984
SO_18346,283.21842130014767
SO_18349,108.78
SO_18355,566.4368426002953
SO_18359,784.3134883490181
SO_18374,26.336632256468363
SO_18375,146.3996955705014
SO_18387,90.87831712884922
SO_18392,457.65684260029536
SO_18394,174.43842130014767
SO_18398,391.9984213001477
SO_18420,199.6177103588317
SO_18429,156.48687755111547
SO_18490,173.0524910167379
SO_18497,836.8203745972825
SO_18503,464.4741573065114
SO_18507,186.17310864538555
SO_18509,83.37041272818861
SO_18542,311.72
SO_18548,345.92
SO_18561,1123.48
SO_18562,154.0612791983322
SO_18569,772.3765280284807
SO_18581,28.970187963143236
SO_18597,86.77
SO_18604,487.9535315694603
SO_18608,88.64679311656249
SO_18609,250.13710923799155
SO_18613,101.76526755521994
SO_18614,101.76526755521994
SO_18622,133.91923571096538
SO_18627,334.82890359874375
SO_18635,347.7066913048931
SO_18645,260.78001847866983
SO_18647,347.7066913048931
SO_18651,217.56
SO_18689,173.85334565244656
SO_18690,173.85334565244656
SO_18693,773.7617302549083
SO_18695,191.5111052428132
SO_18696,408.66999999999996
SO_18703,171.20752474546984
SO_18708,307.09219657506947
SO_18710,804.513603411508
SO_18727,381.20053323618737
SO_18728,376.50667147229206
SO_18741,180.27328228095354
SO_18748,260.3298905555342
SO_18755,674.1648653793042
SO_18763,129.78047672295375
SO_18767,396.807940376235
SO_18772,796.4575541139693
SO_18778,392.5204207078056
SO_18797,198.4039701881175
SO_18800,81.93327600986309
SO_18807,524.7439701881176
SO_18809,129.78047672295375
SO_18814,208.33013476698815
SO_18816,169.15802563613505
SO_18819,208.33013476698815
SO_1882,149.08575186839116
SO_18825,79.05785125070997
SO_18853,87.48959578806969
SO_18856,169.15802563613505
SO_18857,196.35130543354822
SO_18858,392.70261086709644
SO_18859,1005.7141858346208
SO_18860,1178.1078326012891
SO_18865,1109.879253218115
SO_1887,86.36823198183914
SO_18882,369.1969854723896
SO_18885,43.75793550882524
SO_18893,86.07891843671845
SO_18916,625.779834981185
SO_18925,922.9924636809741
SO_18933,232.7102706411394
SO_18938,86.07891843671845
SO_18954,880.4472060826618
SO_18955,582.4415977684093
SO_18956,326.1210709715947
SO_1896,494.77647503209073
SO_18966,388.2943985122729
SO_18972,86.89540498987499
SO_1900,108.76679222575594
SO_19000,163.859631329819
SO_19007,294.6991189305878
SO_1901,298.1715037367823
SO_19012,364.62414793281675
SO_1902,768.6649298984216
SO_19023,113.3972110594411
SO_19029,77.04
SO_19039,331.91588641001806
SO_19042,68.59
SO_19043,757.6314943234257
SO_19060,46.19741724427727
SO_19089,106.58327054312345
SO_19091,62.0576957056732
SO_19096,811.76
SO_19098,90.09087628378435
SO_19111,90.48646145178442
SO_19115,832.4903318847746
SO_19126,289.7075829711937
SO_1913,619.5791780300303
SO_19133,542.7827489135809
SO_19138,108.78
SO_19147,929.1665792926322
SO_19149,214.6739363672136
SO_19151,869.122748913581
SO_19166,85.1289002130502
SO_19173,993.6344703252007
SO_19179,217.56
SO_19185,117.1744117925499
SO_19197,89.54215929187315
SO_19199,385.06200223819394
SO_19212,385.06200223819394
SO_19215,169.69
SO_19219,184.07050797234854
SO_19240,192.53100111909697
SO_19250,120.32801325080122
SO_1926,108.76679222575594
SO_19274,125.6006900075277
SO_19282,113.40829268547164
SO_19283,359.18
SO_19286,624.8073693419425
SO_19295,926.8670617188811
SO_19304,52.42824157395361
SO_19314,623.44
SO_19328,391.2509727697172
SO_19341,997.3974824114745
SO_19344,332.4658274704915
SO_1935,642.8153485864964
SO_19350,49.83
SO_19357,432.12582747049146
SO_19370,960.1750412756853
SO_19382,364.34119551923885
SO_19388,860.132355794005
SO_19389,509.6345130913488
SO_19402,181.35729338167724
SO_19404,191.87283634343157
SO_19414,173.44477340362565
SO_19416,88.41388772797502
SO_19428,383.74567268686314
SO_19429,221.93925591826326
SO_19443,75.45453678030869
SO_19446,93.04488137056002
SO_1946,127.15061565431036
SO_19463,191.87283634343157
SO_19466,191.87283634343157
SO_19467,243.757768299349
SO_19469,858.6024028443883
SO_19475,259.84672570214957
SO_19476,86.61557523404986
SO_19498,185.61882501109082
SO_19511,82.7910147884037
SO_19515,648.4418799812127
SO_19517,265.96182468428424
SO_19524,86.61557523404986
SO_19527,371.23765002218164
SO_1953,635.7530782715518
SO_19533,831.6126898770933
SO_1954,311.5393445712034
SO_19542,604.40240361169
SO_19544,47.545928578417595
SO_19546,47.545928578417595
SO_19548,156.1419461598849
SO_19575,86.77
SO_19597,112.06909245620383
SO_19621,86.3083791267257
SO_19623,79.50383226995599
SO_19624,369.4110990028089
SO_19625,404.88139573410024
SO_1963,85.75645780194854
SO_19634,125.17053199742239
SO_19636,301.63001608186437
SO_19642,296.20363454801566
SO_19648,282.36
SO_19677,90.01526270095424
SO_19705,732.7830138410743
SO_19707,192.22
SO_19724,94.5182043400439
SO_1973,469.5914276945975
SO_19738,83.4902665330971
SO_19744,406.4430138410743
SO_19756,1225.2818307788984
SO_19760,163.17711212512984
SO_19777,326.3542242502597
SO_1979,698.0472983474499
SO_19797,81.58855606256492
SO_19807,47.963968774094035
SO_1981,1000.7263636718226
SO_19813,56.27590056417767
SO_19815,232.2900077552338
SO_19816,154.8600051701559
SO_1984,365.80931573656125
SO_19846,102.56579905239973
SO_19860,98.89883900016314
SO_19867,154.8600051701559
SO_19869,615.3947943143984
SO_19876,262.152461745171
SO_19886,87.38415391505701
SO_19889,120.45836678338476
SO_19898,164.83916734619453
SO_19900,281.5559832774751
SO_19903,790.8756100639399
SO_19913,144.45367185145622
SO_19916,397.0535689867635
SO_19920,733.9128723681653
SO_19923,122.17931859546778
SO_19929,222.08428393494714
SO_19934,48.1512239504854
SO_19944,473.74411163144373
SO_19951,1405.1823832453124
SO_19954,48.1512239504854
SO_19960,393.8603381475908
SO_19973,494.23935978955376
SO_19977,535.2000907369428
SO_20001,497.50650204273825
SO_20010,376.59000000000003
SO_20025,130.7412036874293
SO_20048,435.12
SO_20049,573.1755798002181
SO_20063,147.35231771514023
SO_20068,386.8735214025695
SO_20071,217.56
SO_20072,408.61852660007276
SO_2009,41.88623594959762
SO_20102,178.69214389260335
SO_20108,833.0911881610346
SO_20118,709.1556234152558
SO_20143,132.10302271104553
SO_20154,47.85100383599156
SO_20156,179.3727006443465
SO_20162,574.9495569578514
SO_20176,435.12
SO_20187,760.0409057538635
SO_20188,45.614736078448885
SO_20195,516.3502264384659
SO_20197,89.55956223088677
SO_2020,378.8618546350865
SO_20213,1937.5453551337523
SO_20228,380.02045287693176
SO_20230,149.5412611879237
SO_20235,93.19366765055423
SO_20237,279.5810029516627
SO_2024,41.88623594959762
SO_20241,78.52385620691555
SO_20246,108.78
SO_20262,176.5
SO_20277,108.78
SO_20278,178.21818654847507
SO_20280,250.04665443734564
SO_20291,860.2234180164915
SO_20295,86.77
SO_20298,143.07038980879167
SO_20301,180.19497219793064
SO_20320,173.54
SO_20321,100.8392290756959
SO_20327,155.05042840458123
SO_20328,203.85644430204445
SO_20330,680.4097055771206
SO_20335,179.59
SO_20341,384.11289246893455
SO_20343,155.05042840458123
SO_20346,363.3533274881949
SO_20354,336.1309341595474
SO_20360,43.346760387308
SO_20375,538.77
SO_20378,120.87197458959861
SO_20380,86.693520774616
SO_20382,368.9810380053024
SO_20383,120.87197458959861
SO_20387,684.1300562230051
SO_20391,77.52521420229061
SO_20395,43.346760387308
SO_20403,77.52521420229061
SO_20406,336.7796998338
SO_20418,335.1644215448123
SO_20421,504.68831618058067
SO_20430,130.83369679867278
SO_20434,505.4651813976732
SO_20438,43.68801941679716
SO_20442,177.62932915704573
SO_20449,336.7796998338
SO_20463,217.33143955987796
SO_20465,303.8291823210831
SO_20466,83.69876524293107
SO_20473,192.22
SO_20477,403.43990685762753
SO_20486,89.71985620662635
SO_20489,173.54
SO_20492,496.4148113733822
SO_20502,106.65714501472341
SO_20503,44.85992810331317
SO_20510,169.14467402903907
SO_20512,179.4397124132527
SO_20525,90.16224775133091
SO_20526,79.88133501013951
SO_20529,192.57730687678162
SO_20545,299.23445189150505
SO_20550,79.88133501013951
SO_20551,672.4642837018744
SO_20554,123.25
SO_20556,319.52534004055804
SO_20561,89.71985620662635
SO_20568,527.0105612660147
SO_20574,72.77548015436923
SO_20578,275.52493014555233
SO_20585,192.22
SO_20591,317.14849424216544
SO_20599,897.9828558020191
SO_20600,620.9313317532116
SO_20601,275.52493014555233
SO_20603,89.85589004170882
SO_20606,340.9306278294165
SO_20611,1414.1549301455523
SO_20612,81.40835117573111
SO_20616,359.4235601668353
SO_20619,713.2818397694807
SO_20621,72.77548015436923
SO_20632,46.77983238818862
SO_20639,94.37
SO_2064,540.6924349187055
SO_20642,162.81670235146223
SO_20648,594.2000182909729
SO_2065,171.52775399452773
SO_20654,452.17357226127046
SO_20659,223.37
SO_20666,420.5
SO_20670,365.4164991312163
SO_20687,168.01908542333675
SO_20705,182.70824956560816
SO_20713,678.7972257539561
SO_20715,678.7972257539561
SO_20722,108.78
SO_20727,68.52176788560672
SO_20732,309.5285182293052
SO_20746,220.42690282133424
SO_20792,107.77696789451281
SO_20799,312.9142955596366
SO_208,354.56671864751803
SO_20802,231.7710889074919
SO_20805,110.21345141066712
SO_20811,676.796085081211
SO_20814,408.805170664778
SO_20842,707.9705524278778
SO_20846,1183.0709307915179
SO_20848,291.48655612437875
SO_20850,169.01013297021683
SO_20857,606.4131928704949
SO_20864,46.88652831770228
SO_20865,296.7199868709878
SO_20868,394.96660416240667
SO_2087,179.57955029148832
SO_20884,49.83
SO_20885,542.807706859883
SO_20890,509.8746958158696
SO_20891,67.48940908832627
SO_20901,345.92
SO_20902,317.6613255738546
SO_20904,102.31156527195652
SO_20906,102.31156527195652
SO_20940,368.41462502962014
SO_20946,508.1915652719565
SO_20970,351.8047303991548
SO_20974,254.24287558061854
SO_21000,333.25888976179334
SO_21007,108.78
SO_21016,302.50341622788017
SO_21020,87.98406560850152
SO_21033,302.50341622788017
SO_21045,95.50491163096025
SO_21057,931.9858335320147
SO_21063,345.92
SO_21090,90.96516561602958
SO_21092,1558.7657469761807
SO_21096,306.63722186189693
SO_21101,421.0544437237939
SO_21107,196.1694387712976
SO_2111,205.09843261621901
SO_21113,252.5029215647844
SO_21115,284.4818860920517
SO_21136,666.8174468642685
SO_21140,121.6716682066874
SO_21154,30.48109132813471
SO_21157,164.48355450805116
SO_21159,666.8174468642685
SO_21161,49.83
SO_21166,164.48355450805116
SO_212,537.8851020304656
SO_21201,94.01922652181969
SO_21210,151.82761500059542
SO_21222,84.08213814063548
SO_21239,199.0190149832197
SO_21240,120.51791508702051
SO_21253,178.56326546549695
SO_2126,635.6635312160154
SO_21263,414.27697480896927
SO_21276,176.5
SO_21287,80.28764137156227
SO_2129,215.8996473799703
SO_21299,59.29411534871477
SO_21300,338.28496088441017
SO_21302,176.5
SO_21303,648.6434340704959
SO_21308,89.3868677347734
SO_21328,278.2635576044906
SO_21339,380.14324200734677
SO_21344,310.35847318608575
SO_21353,216.38791914071825
SO_21355,169.17807540081887
SO_21356,804.8876644270366
SO_21369,88.16410306252503
SO_21374,419.0840063609019
SO_21378,238.7956470166643
SO_21382,463.0779051228799
SO_21383,131.79888144030883
SO_21385,317.5123930332939
SO_21389,153.232628382898
SO_21397,131.79888144030883
SO_21426,288.37
SO_21430,86.49700545634359
SO_21434,88.16410306252503
SO_21436,761.46
SO_21437,571.8579051228799
SO_21449,176.69898713494402
SO_21458,531.6690678900516
SO_21466,311.600362847516
SO_21471,536.3601877111809
SO_21489,176.69898713494402
SO_21501,959.3322792363793
SO_21505,48.17596314847054
SO_2151,392.9482527956187
SO_21516,149.566255684823
SO_21522,46.031684947236215
SO_21523,170.84284160024677
SO_21558,592.4665966396617
SO_21560,46.031684947236215
SO_21561,170.83706437987155
SO_21569,426.94171285274655
SO_2157,88.66011681441343
SO_21570,102.17588001586972
SO_21576,85.42142080012339
SO_21586,530.5332989897233
SO_21587,647.7799696537974
SO_21592,213.47085642637327
SO_21593,306.52764004760917
SO_21608,49.83
SO_21609,380.90760621375546
SO_2162,265.98035044324024
SO_21631,94.12
SO_21638,89.52354484045739
SO_21647,83.33064152422635
SO_21649,94.12
SO_21652,70.57254909378426
SO_21653,599.6860826785079
SO_21656,187.44322931269102
SO_21664,85.9303916958552
SO_21676,353.0
SO_21685,295.2101218453749
SO_21687,599.5612294525073
SO_2169,869.4540402480261
SO_21700,123.13996396260265
SO_21706,596.4568379912781
SO_21721,372.63698396226266
SO_21722,790.1017982196554
SO_21723,897.7896484481464
SO_21732,949.4867353161629
SO_21740,162.36137965005508
SO_21749,105.40377077428842
SO_21754,167.96023985699966
SO_21757,190.469250713139
SO_21760,105.40377077428842
SO_21764,155.94608813570602
SO_21772,155.94608813570602
SO_21773,325.2626606535159
SO_21776,336.6989068973074
SO_21783,106.83035595707419
SO_21785,99.59356686099584
SO_21787,84.41081891419071
SO_21788,1796.4474348757794
SO_21794,1310.2472323428779
SO_21799,601.7084381929018
SO_21809,430.66643142780435
SO_21811,106.83035595707419
SO_21814,62.09325644919591
SO_2182,492.709527542754
SO_21822,150.6144140326649
SO_21824,316.21131232286524
SO_21832,557.0850469309739
SO_21840,91.02182717972593
SO_21842,201.34543917161085
SO_21846,202.94
SO_21849,659.2904107807994
SO_21850,202.94
SO_21851,814.7869141493401
SO_21865,191.77362433315272
SO_21872,126.37221599832658
SO_21873,81.66676789107346
SO_21874,81.66676789107346
SO_21880,643.3262143865609
SO_21886,112.22731467955725
SO_21905,709.0306072980312
SO_21913,188.47356159833376
SO_21921,112.22731467955725
SO_21929,313.6802112175899
SO_21935,104.56007040586329
SO_21946,78.77424008955909
SO_21954,418.24028162345314
SO_21965,309.1924691125292
SO_21969,48.87419072176828
SO_21970,97.74838144353656
SO_21978,104.56007040586329
SO_21983,78.77424008955909
SO_21993,185.47549580575372
SO_21996,408.3658462285365
SO_21998,927.5774073375875
SO_21999,97.89
SO_22011,162.3511837273879
SO_22018,618.3849382250584
SO_22029,209.12014081172657
SO_22039,79.96545667944531
SO_22052,690.699267967542
SO_22056,295.0092443198931
SO_22068,111.47389069766162
SO_22074,183.11862650519646
SO_22077,675.7002954039921
SO_22085,79.96545667944531
SO_22091,125.16860432265537
SO_22109,398.16241414564433
SO_22144,186.53028955127482
SO_22145,90.65260455548044
SO_22146,435.57824968418566
SO_22152,941.0437042952083
SO_22159,879.614029334233
SO_22164,314.52962655403184
SO_22165,145.19274989472856
SO_22166,176.35846048977058
SO_22167,935.4222797859628
SO_22173,121.89480797317808
SO_22179,847.9965743899493
SO_22180,238.85096343616652
SO_22186,81.5642843460393
SO_22188,121.89480797317808
SO_22198,45.47162994479724
SO_22202,539.247210530816
SO_22205,45.47162994479724
SO_22215,1207.9962616770526
SO_22222,233.4000085578576
SO_22229,47.68626362669315
SO_22233,191.3327738967335
SO_22236,254.75617000427496
SO_22237,144.13599958823534
SO_22241,400.81993645555536
SO_22242,108.78
SO_22253,47.68626362669315
SO_22271,223.95924034614382
SO_2229,184.86650019739267
SO_22293,217.56
SO_22294,349.39009420585603
SO_22298,157.58359055845722
SO_22311,712.6410258210942
SO_22334,93.7002157926332
SO_22337,710.0219638574571
SO_22339,168.97603757803333
SO_22349,501.19545079313843
SO_22353,168.9674000421665
SO_22361,46.95105867250493
SO_22362,64.1852632378691
SO_22377,736.7118479995244
SO_22381,310.69041086462755
SO_22382,45.65171743093822
SO_22387,700.7314817242544
SO_22389,91.91783325078973
SO_22390,45.95891662539486
SO_22391,787.7029714636114
SO_22392,308.59096314600527
SO_22394,436.14695806049986
SO_22395,86.77
SO_22397,700.7314817242544
SO_22403,263.7930697809157
SO_22409,104.02872319353207
SO_22410,121.82692977195133
SO_22417,176.5
SO_22419,790.0208571636533
SO_22421,371.3099047368979
SO_22433,555.2092142222637
SO_22435,359.18
SO_22437,111.91160951789412
SO_22443,312.0861695805963
SO_22450,526.4251163015261
SO_22452,87.93102326030522
SO_22455,86.77
SO_22457,270.7320103227146
SO_22461,104.02872319353207
SO_22464,132.72891662539485
SO_22474,353.0
SO_22475,175.1828704310636
SO_22478,324.2353485426057
SO_22480,123.25
SO_22491,161.27465697214367
SO_22517,242.57917015054028
SO_22518,364.5688272607502
SO_22537,313.46006974714084
SO_22538,190.27502422271343
SO_22543,49.83
SO_22548,93.2257111407552
SO_22556,153.4641702886065
SO_22557,203.2941702886065
SO_22558,82.76958507527013
SO_22559,349.2833532598198
SO_22563,49.83
SO_22566,123.25
SO_22567,355.10605168468084
SO_22568,76.73208514430326
SO_22570,221.80261091761054
SO_22571,380.55004844542685
SO_22572,126.56208514430325
SO_22576,85.14357452869307
SO_22578,221.7650877947367
SO_22585,206.7397837722291
SO_22588,206.7397837722291
SO_22597,220.11714905738614
SO_2262,105.02637198723569
SO_22643,570.0334055185982
SO_22645,988.0006119857256
SO_22672,184.18926107854875
SO_22678,182.89976317620415
SO_22684,123.10429504167008
SO_22686,162.9189876957837
SO_22702,81.45949384789185
SO_22703,104.61024135831678
SO_22704,92.09463053927438
SO_22716,488.39049066756627
SO_22724,488.39049066756627
SO_22732,131.28949384789183
SO_22734,317.42091545601664
SO_22737,322.66018538061974
SO_22741,488.39049066756627
SO_22748,341.17785415649666
SO_22752,185.49112044374246
SO_22759,183.44479743317385
SO_22760,134.6117401735575
SO_22766,345.92
SO_22774,173.12233321056956
SO_22789,192.22
SO_22790,120.05518591793177
SO_22798,86.56116660528478
SO_22800,169.9442928023013
SO_22812,183.44479743317385
SO_22824,86.56116660528478
SO_2286,81.25407572838084
SO_22882,171.32613054846405
SO_22890,511.8455816781851
SO_22898,105.96558167818513
SO_22903,67.16941619227248
SO_2291,313.14144586567465
SO_22920,149.49349571374464
SO_22934,343.04175108399147
SO_22938,108.78
SO_22941,661.4150222304143
SO_22945,400.6747946029277
SO_22947,85.76043777099787
SO_22951,149.48473177134937
SO_22955,128.24988162117245
SO_22977,826.0808160501931
SO_22979,108.13414403417809
SO_2298,57.263847491628184
SO_22983,235.29907446602877
SO_2299,74.39874908331804
SO_22996,169.69
SO_22998,142.1536451915016
SO_23003,310.2059343636759
SO_23010,46.60773973355694
SO_23016,94.12
SO_23021,70.09074582638662
SO_23024,338.85842987219087
SO_23030,94.12
SO_23035,46.60773973355694
SO_23042,94.12
SO_23047,186.56716885618766
SO_23069,86.77
SO_23079,496.39698776377156
SO_23085,198.68801541579435
SO_23093,119.98396312915945
SO_23096,135.17128002960953
SO_23105,198.04191386436568
SO_23115,86.77
SO_23121,167.55046363123066
SO_23123,381.8960487299903
SO_23136,202.3657192985802
SO_23139,676.7216193677792
SO_23146,265.78348072512813
SO_23160,108.78
SO_23165,336.0246898496322
SO_23176,202.3657192985802
SO_2318,930.9557077903235
SO_23180,182.42336426840376
SO_23194,108.78
SO_23196,176.5
SO_23198,404.7314385971604
SO_23202,513.5114385971603
SO_23204,87.4930736074702
SO_23213,327.340009517602
SO_23215,146.6724286732782
SO_23221,168.15050304910525
SO_23229,982.020028552806
SO_23243,307.82551404897026
SO_2325,111.55262017919495
SO_23253,91.18619828724266
SO_23256,952.2346006473775
SO_23270,420.0924851684562
SO_23273,157.1727888477991
SO_2328,37.02820533507437
SO_23283,663.6410156158125
SO_23287,120.1651007242266
SO_23290,123.39877887374102
SO_23299,298.4351478176417
SO_2330,170.00056303448574
SO_23305,155.61135946023938
SO_2331,771.1230711300236
SO_23311,99.6084863473618
SO_23313,168.10061033219097
SO_23321,780.259452177405
SO_23326,369.2741722176901
SO_23330,149.41272952104273
SO_23338,390.1297260887025
SO_23346,388.5994163943674
SO_23352,535.6546371558966
SO_23356,49.8042431736809
SO_23362,223.933646987479
SO_23373,99.6084863473618
SO_23380,187.39656532453148
SO_2339,712.1607252013864
SO_23394,131.31578049863788
SO_2340,142.5495017595355
SO_23407,96.08904246012796
SO_2341,349.9301119122718
SO_23418,166.04638125894914
SO_23425,125.576131323076
SO_23431,198.21020297339675
SO_23434,111.2307813478303
SO_23436,84.23076387644663
SO_23439,164.20303343085473
SO_23443,125.576131323076
SO_23446,920.54
SO_23462,466.28732899820335
SO_23471,811.76
SO_23473,623.44
SO_23478,691.84
SO_23484,622.5049697372071
SO_23485,345.92
SO_23492,724.0078051299624
SO_23500,171.05268151314473
SO_23503,171.05268151314473
SO_23507,1480.5787889713188
SO_23508,528.7575185432161
SO_2351,322.6748224590012
SO_23510,44.211032380573286
SO_23527,199.68754266017268
SO_23530,291.5418036975965
SO_23535,88.42206476114657
SO_23539,132.63309714171987
SO_23541,221.86699367699362
SO_23546,362.8029984212045
SO_23565,399.37508532034536
SO_23567,384.44
SO_23568,174.93
SO_2357,349.9301119122718
SO_23585,163.57518322440433
SO_23593,94.99461500166568
SO_23605,531.1739085835432
SO_23623,181.76461500166567
SO_23627,304.3834418463552
SO_23628,837.2580457462391
SO_23636,349.86154836094727
SO_23639,414.21215319750667
SO_23660,179.59
SO_23685,366.3499069199135
SO_23686,181.15186819814087
SO_23688,123.25
SO_23689,329.15088151965665
SO_23698,329.15088151965665
SO_23716,188.90179289372077
SO_23722,648.0962718942536
SO_23746,348.9832005518705
SO_23753,98.59281907420159
SO_23759,86.65309569942576
SO_23773,128.63591516607022
SO_23777,463.8162212008403
SO_23782,152.45577801157813
SO_2379,349.9301119122718
SO_23798,92.76324424016806
SO_238,170.72737476869412
SO_23813,43.68591531843862
SO_23815,463.8162212008403
SO_23817,115.70028860113527
SO_23819,172.51179778751685
SO_23824,309.1897688718694
SO_23831,304.91155602315627
SO_23833,84.94999984763162
SO_23840,512.5142632959844
SO_23841,84.94999984763162
SO_23844,92.76324424016806
SO_2385,213.82425263930324
SO_23856,43.68591531843862
SO_23860,128.63591516607022
SO_23863,216.4265246317013
SO_2388,294.78703090333
SO_23884,83.07427982951819
SO_23885,178.55854733530666
SO_23886,217.56
SO_23899,166.14855965903638
SO_23907,178.55854733530666
SO_23910,693.6958173722448
SO_23916,320.06580278106435
SO_23927,677.1828974516777
SO_23931,132.82966997705347
SO_23934,340.6958173722449
SO_23944,86.77
SO_23945,360.0855326424927
SO_23955,86.77
SO_23959,1240.6651934374602
SO_23961,173.54
SO_23969,1222.6431081142994
SO_23978,985.2174753354554
SO_23992,162.0813883018478
SO_23994,86.77
SO_23996,47.92444529582385
SO_23999,310.16629835936504
SO_24,223.317
SO_240,157.2723760432813
SO_24000,173.54
SO_24004,362.8010162385707
SO_24015,208.1739188705516
SO_24025,557.1673372045731
SO_2404,148.77709285618045
SO_24044,586.8883766692511
SO_24049,817.0900272149865
SO_2405,71.27475087976775
SO_24055,136.09690352320905
SO_2406,452.88430669307746
SO_24063,153.8285411062029
SO_24068,177.53268861305872
SO_24069,222.36380704641812
SO_2407,104.26778631232403
SO_24070,563.78887643494
SO_24073,49.83
SO_24074,1104.478252635569
SO_24075,477.5137414054612
SO_24079,400.6854446313164
SO_2408,949.5476336018487
SO_24087,222.36380704641812
SO_24089,86.36460112078926
SO_24107,185.92690352320906
SO_24108,203.32929230118742
SO_24110,744.0186685018164
SO_24113,153.8285411062029
SO_24124,99.66
SO_24130,175.09943499359863
SO_24131,611.565208504005
SO_24135,694.9185693483461
SO_24138,192.22
SO_24140,212.79597254046303
SO_24141,164.58574989609698
SO_24148,131.3129862702315
SO_2415,524.8951678684076
SO_24163,81.4829862702315
SO_24166,49.83
SO_24176,105.26180533660403
SO_24178,454.1670805546227
SO_24180,319.1849987863482
SO_24181,638.2098124639015
SO_24188,155.39
SO_24190,382.77150662437805
SO_24194,243.64346988141466
SO_24198,1166.899173901731
SO_24207,149.49
SO_24211,162.965972540463
SO_24226,81.4829862702315
SO_24227,830.5899975726965
SO_24229,66.40307796590017
SO_2423,107.956234398988
SO_24230,49.83
SO_24235,495.4589432303295
SO_24240,162.84851287503244
SO_24241,256.44691136596293
SO_24246,155.34759620130248
SO_24250,155.39
SO_24254,179.59
SO_24270,166.66013032664
SO_24271,948.5210133765933
SO_24273,232.82006516332
SO_24283,83.33006516332
SO_24285,333.32026065328
SO_24303,179.59
SO_24317,91.95465430868126
SO_24321,95.08813210874652
SO_24335,326.34000000000003
SO_24336,170.18127799079892
SO_24347,172.36940073683635
SO_24349,87.52789361938355
SO_24354,81.24178614649286
SO_24362,543.9
SO_24364,956.9000956594333
SO_24367,883.1480382637733
SO_2437,134.77324774159882
SO_24373,262.1228744856503
SO_24379,409.80789458120387
SO_2440,207.57325342641008
SO_24406,49.51304520416043
SO_24407,126.82079643969985
SO_24409,171.47130535851917
SO_24425,303.15463808356014
SO_24427,93.14313187550836
SO_24436,49.51304520416043
SO_24437,178.46833793983308
SO_24442,89.23416896991654
SO_24445,171.47130535851917
SO_24453,1613.4610164986025
SO_24465,323.4024759837241
SO_24467,868.3159614945357
SO_24479,77.30775123553943
SO_2448,60.639496749761406
SO_24489,774.2488670600942
SO_24491,93.14313187550836
SO_2450,225.39467834540602
SO_24500,806.3527087722298
SO_24502,347.32638459781424
SO_24505,520.9895768967214
SO_24512,652.0338453888972
SO_24516,182.38751192782132
SO_24517,189.80917777609028
SO_24523,93.55700942846687
SO_24529,182.38751192782132
SO_24532,28.074863910506117
SO_24533,201.12987493291197
SO_24535,189.80917777609028
SO_24547,316.66353080512636
SO_24569,345.92
SO_24575,1082.661585167408
SO_24577,93.55700942846687
SO_2458,276.7643379018801
SO_24580,129.27356634588244
SO_24584,129.27356634588244
SO_24586,42.50356634588244
SO_24588,647.7274732499199
SO_24593,547.1625357834639
SO_24596,383.51738686073327
SO_24598,86.77
SO_24599,164.5673599954447
SO_24600,781.8781054180045
SO_24601,60.930502685862706
SO_24627,165.11077843098286
SO_24628,408.3920794051634
SO_24640,202.94
SO_24641,511.11811910774514
SO_24642,688.228903589297
SO_24652,96.54742494567327
SO_24653,128.0591016112797
SO_24658,339.7094835073714
SO_24664,65.7858700039195
SO_24666,1402.0008726143515
SO_24667,857.9452062210781
SO_24679,96.54742494567327
SO_24683,470.86493303186484
SO_24685,79.78538913844305
SO_24686,187.48496071696653
SO_24695,79.78538913844305
SO_24707,369.31400050978306
SO_24712,136.47182367410048
SO_24717,332.63051044911685
SO_2472,246.5
SO_24730,166.25650993933377
SO_24731,166.25650993933377
SO_24732,90.35683048834257
SO_24739,71.2161567277989
SO_24747,217.68988721465223
SO_24753,86.77
SO_24761,574.3583557518596
SO_24763,94.12477714964378
SO_24768,66.54114714256579
SO_24781,213.64847018339668
SO_24782,311.72
SO_24787,173.54
SO_24789,217.56
SO_24800,532.6786049056439
SO_24810,58.547321179336876
SO_24813,173.03644203694475
SO_24814,79.73980575268327
SO_24815,202.94
SO_24822,173.03644203694475
SO_24825,79.39279213739911
SO_24829,343.6323995138887
SO_24844,159.47961150536653
SO_24876,152.12512877905684
SO_24890,49.83
SO_24919,72.09359588378759
SO_2492,345.95542237735015
SO_24922,796.2927571690711
SO_24924,282.36
SO_24925,620.8937537368517
SO_24937,175.39900343221942
SO_24938,49.83
SO_24940,526.1970102966583
SO_24941,763.1059661662256
SO_24944,49.83
SO_24964,56.16203111229922
SO_24966,117.60685649060085
SO_24967,74.97676051195928
SO_24969,176.79316247595108
SO_24971,85.26019195728311
SO_24972,109.88663302215551
SO_24974,117.60685649060085
SO_24982,109.88663302215551
SO_24984,196.36183053505027
SO_24985,608.8199999999999
SO_24986,608.8199999999999
SO_24989,42.630095978641556
SO_24992,454.77969827181784
SO_25009,625.1247933329123
SO_2501,333.2266556957745
SO_25011,109.88663302215551
SO_25013,235.2137129812017
SO_25024,107.08
SO_2503,1269.3746238240615
SO_25031,196.36183053505027
SO_2504,320.28205300737926
SO_25046,74.97676051195928
SO_25048,74.97676051195928
SO_25050,572.3390632183398
SO_25053,588.4182080935507
SO_25057,137.18
SO_25059,590.9297885328915
SO_25067,405.35152728860123
SO_25069,378.51914141964636
SO_25076,169.44107543061133
SO_25087,334.874915747142
SO_2510,173.54
SO_25100,166.83682049462982
SO_25107,166.83682049462982
SO_25109,116.69548801742712
SO_25115,233.39097603485425
SO_25121,49.83
SO_25123,334.27427836820084
SO_25132,677.7643017224453
SO_25140,84.35345010952823
SO_25142,170.26667670335993
SO_25144,182.071898451527
SO_25155,78.434696142255
SO_25160,139.3752012106683
SO_25171,83.31930455580158
SO_25175,665.371723870225
SO_25179,130.32920499226358
SO_25189,67.22567461198302
SO_25191,192.22
SO_25203,338.42766324097505
SO_25205,26.767173616018948
SO_25209,83.31930455580158
SO_25212,185.796419559732
SO_25228,333.2772182232063
SO_25229,53.534347232037895
SO_25230,969.9435971089287
SO_25231,47.009900436462004
SO_25234,92.898209779866
SO_25238,264.216981234315
SO_25243,651.7343061192483
SO_25250,436.06500741875556
SO_25272,72.82093648829532
SO_25275,177.3391054287256
SO_25276,163.04544746301485
SO_25286,118.10550883788395
SO_25287,338.02740066578644
SO_25311,505.8609832996327
SO_25354,47.955891971139515
SO_25355,161.27854039124006
SO_25364,77.04
SO_25365,744.1710264102685
SO_25366,416.4898661682355
SO_25368,168.3809563691052
SO_25370,88.64028056534531
SO_25387,84.1904781845526
SO_25397,435.49184011464035
SO_25400,51.951737816414315
SO_25408,879.3561936836029
SO_25413,416.4898661682355
SO_25417,495.8640447696114
SO_25418,98.94660080496558
SO_2542,736.8153726270974
SO_25421,225.52365659856935
SO_25424,84.1904781845526
SO_25429,191.74607445699576
SO_25430,98.94660080496558
SO_25433,49.47330040248279
SO_25440,166.53298526811122
SO_25443,112.37189585561985
SO_25448,1081.7317286326813
SO_25450,394.86013290988615
SO_25454,352.6772739896734
SO_25457,570.7952045211028
SO_25458,168.98746034628394
SO_25459,204.32909132989113
SO_25468,859.3063315267891
SO_25473,1645.115813897386
SO_25475,401.8077441748188
SO_25481,321.8881826597822
SO_25494,63.83282348225096
SO_25496,127.66564696450192
SO_25497,179.59
SO_25504,281.8329726966341
SO_2551,86.77
SO_2552,83.30666392394363
SO_25526,173.54
SO_25529,167.422697172793
SO_25533,117.55909132989112
SO_25535,83.9254039021872
SO_25536,576.7470480024161
SO_25543,130.43952974362165
SO_25547,172.13153229806372
SO_25554,309.5497992489859
SO_25562,314.18850258517887
SO_25579,86.77
SO_25580,727.5139480406391
SO_25586,208.72661173495035
SO_25611,153.3685997183088
SO_25619,1393.5383129746035
SO_25631,157.18309007043905
SO_25667,171.02834133368816
SO_25670,93.77530759686336
SO_25671,123.25
SO_25673,239.1962704842494
SO_25679,245.91625900505636
SO_2568,83.30666392394363
SO_25685,507.4230809631694
SO_2569,144.4013988045759
SO_2570,74.08563697930455
SO_25711,209.7095066508909
SO_25721,162.57684792278624
SO_25730,44.879475474030194
SO_25732,1023.1885885722648
SO_25733,608.8199999999999
SO_25746,94.02148530216675
SO_25747,77.20588282831831
SO_25752,45.441573311845666
SO_25755,171.22736813048505
SO_25759,271.0922856576443
SO_25765,623.0923567868363
SO_2578,640.5641060147585
SO_25784,747.1454181939374
SO_25788,509.34661117344825
SO_25797,157.35299691139576
SO_258,43.01467403376372
SO_25800,206.93322234689649
SO_25813,47.010742651083376
SO_25817,308.82353131327324
SO_25821,271.0922856576443
SO_25824,526.7294710081478
SO_25829,84.50150328858922
SO_25876,26.999979352278718
SO_25877,47.79370478874116
SO_25878,47.79370478874116
SO_2589,388.1840447871296
SO_25893,167.25787478502065
SO_25898,121.21355688439333
SO_25900,87.02786086628174
SO_25902,341.64
SO_25907,170.82
SO_25923,845.9482208340828
SO_25927,176.5
SO_25932,48.52094349218676
SO_25935,964.385273536036
SO_2594,181.16836740662606
SO_25942,76.05685112170926
SO_25946,97.04188698437352
SO_25958,97.04188698437352
SO_25959,242.60471746093378
SO_25966,152.11370224341852
SO_25974,153.01340264017816
SO_25975,177.5799153603414
SO_25978,228.99882017348446
SO_25996,84.90865996372503
SO_25998,345.2700443780161
SO_26006,89.96992519893139
SO_2601,350.1677880167188
SO_26016,678.6456233017121
SO_26033,78.42733402870833
SO_26040,49.83
SO_26044,156.85466805741666
SO_26051,227.91733402870835
SO_26060,202.94
SO_26069,158.50811436117877
SO_2607,480.8060671806944
SO_26072,517.2473117260845
SO_26075,93.94704750113534
SO_26078,78.42733402870833
SO_2608,502.51385375305654
SO_26086,49.83
SO_2609,451.8431132151229
SO_26099,48.32
SO_2610,58.54141450876265
SO_26100,84.14678847616455
SO_26110,156.85466805741666
SO_26113,252.44036542849364
SO_26127,363.6235008379856
SO_26136,408.3073927501921
SO_26137,716.7148300767366
SO_26143,59.05256567114309
SO_26146,1265.4041552110798
SO_26150,81.96739275019206
SO_26153,113.82207760553987
SO_26158,81.96739275019206
SO_26163,371.3173982375689
SO_26165,87.75685456135972
SO_26167,171.66354708801939
SO_26181,108.78
SO_26188,498.71516283045855
SO_26189,171.66354708801939
SO_26198,72.08576892695477
SO_26204,92.91074605536943
SO_26209,81.96739275019206
SO_26217,288.7005333552851
SO_26219,98.51647436876736
SO_26225,1029.7071246820867
SO_26231,97.85689995427559
SO_26240,347.38034245607116
SO_26243,1190.6997718821312
SO_26245,304.9220261894856
SO_26257,170.88034245607116
SO_26260,30.504243705004203
SO_26281,156.76574968636635
SO_26282,76.41339111300779
SO_26284,48.928449977137795
SO_26290,48.928449977137795
SO_26296,1042.7371227658757
SO_26299,146.78534993141338
SO_26314,208.39622365354452
SO_26315,125.95122549371033
SO_26331,538.77
SO_26334,211.22301156646265
SO_26336,309.81131399613685
SO_26338,105.61150578323132
SO_26339,959.0017349475321
SO_26340,79.98225429487395
SO_26341,128.41396935867056
SO_26343,536.0640519663091
SO_26346,310.4633889223349
SO_26350,113.12636898508615
SO_26370,96.86343012759323
SO_26381,211.22301156646265
SO_26385,496.62831656411936
SO_26388,176.5
SO_26389,146.2220199943445
SO_26390,271.5131217583529
SO_26391,48.43171506379662
SO_26392,89.57320739336967
SO_26395,48.43171506379662
SO_26401,438.66605998303345
SO_26405,619.6226279922737
SO_26406,79.98225429487395
SO_26420,828.4623838740404
SO_26421,132.97636826109922
SO_26424,302.84696240520077
SO_26425,45.59770779645771
SO_26426,283.9839746840094
SO_26441,1094.7437778353894
SO_26442,518.9867340949745
SO_26449,971.4937778353896
SO_26450,302.84696240520077
SO_2647,79.36224463734511
SO_26470,91.01113354370965
SO_26479,352.58557803165814
SO_26481,1144.0188788475539
SO_2650,93.1464379195034
SO_26507,430.0121698982457
SO_26511,319.5410933144011
SO_26512,48.51338682990708
SO_26520,703.9606897659847
SO_26523,357.31921062079573
SO_26525,319.5410933144011
SO_2653,386.05963973746657
SO_26530,187.02868209865153
SO_26534,334.72285026309396
SO_26540,964.1418517669332
SO_26545,341.9688507234582
SO_26552,187.02868209865153
SO_26557,703.9606897659847
SO_26577,374.82381180513505
SO_26584,514.092613661494
SO_26585,48.495473386175526
SO_26587,164.1083264869175
SO_26599,91.12086844790795
SO_26608,479.85397946704154
SO_26621,374.82381180513505
SO_26623,458.63284714264233
SO_26626,82.05416324345875
SO_26628,194.96138237631598
SO_26630,176.5
SO_26632,331.2803941669502
SO_26646,315.289165146142
SO_26647,89.11790396313361
SO_26649,633.4757587968942
SO_2665,93.1464379195034
SO_26657,94.12
SO_26661,115.40768160824267
SO_26663,347.245884022207
SO_26667,577.0384080412133
SO_2667,339.9089492992507
SO_26677,171.84123648170564
SO_26691,172.94191096741451
SO_26695,303.40974928555164
SO_26698,151.70487464277582
SO_26705,676.5822034023192
SO_26708,230.81536321648534
SO_26709,136.77343553674814
SO_26710,684.1749236359886
SO_26713,142.12611550511403
SO_26715,99.66
SO_26720,296.2393849504165
SO_26721,197.40876881618996
SO_26732,515.9211778820559
SO_26733,60.80696812847173
SO_26738,257.39260732750824
SO_26746,286.75220273465874
SO_26751,345.92
SO_26764,185.95556493676727
SO_26766,557.8666948103017
SO_26770,166.62271378247664
SO_26774,331.7202585455509
SO_26777,78.86630366375411
SO_26783,49.83
SO_26788,789.6350752647598
SO_2679,186.2928758390068
SO_26798,128.69630366375412
SO_26805,488.4643356682795
SO_26814,633.3296489557832
SO_26815,827.7857808910394
SO_26816,29.53
SO_26818,185.41509816258437
SO_26822,97.89
SO_26823,77.04
SO_26827,115.11126775930748
SO_26828,49.83
SO_26831,67.67558927422648
SO_26835,162.82144522275985
SO_26837,556.2452944877531
SO_26842,342.10579021990566
SO_26846,316.6648244778916
SO_2685,307.23214692048776
SO_26850,530.7489014405068
SO_26853,740.8482552025841
SO_2688,96.51490993436664
SO_26887,161.19041453770555
SO_26889,319.4173925557238
SO_26892,110.07503417005056
SO_26907,76.38268966911298
SO_26908,110.07503417005056
SO_26911,93.00553764842019
SO_26918,342.72896699208064
SO_26925,119.51207631975409
SO_26927,1136.8151053410083
SO_26935,160.7863121021126
SO_2694,924.2422258844193
SO_26940,162.6414629703952
SO_26946,169.69
SO_26965,29.599042583406035
SO_26973,29.599042583406035
SO_26975,77.86825674052014
SO_26982,96.24736140618485
SO_26986,77.86825674052014
SO_27001,181.71915983661134
SO_27004,334.59534718875125
SO_27013,120.26104899988744
SO_27026,174.6060934360209
SO_27027,434.0037866499822
SO_27035,349.0074741960656
SO_27045,99.66
SO_27057,86.42429977772818
SO_2706,467.01368810998713
SO_27066,82.69718305898482
SO_27080,149.49
SO_27083,177.75728413543553
SO_27087,89.8508795872441
SO_27094,179.59
SO_27118,355.51456827087105
SO_27120,48.32
SO_27121,1228.1139923184205
SO_27124,155.2290308864125
SO_27125,49.83
SO_27128,318.4760486665977
SO_27137,355.51456827087105
SO_27148,311.1965005270978
SO_27150,327.781729370703
SO_27154,192.10730703704309
SO_2718,182.35832270950772
SO_27197,183.1410453691151
SO_27198,364.054236364993
SO_27209,146.48936831888153
SO_2721,116.20111294220963
SO_27213,105.81523727540161
SO_27219,37.11111605351896
SO_27225,1031.9397536388353
SO_27249,115.19479724124476
SO_27263,170.05723428266916
SO_27264,234.8901150847093
SO_27269,31.976606327467657
SO_27273,1076.292526721607
SO_27274,265.1476123552819
SO_27276,135.07066402592883
SO_27280,91.91132868453339
SO_27281,135.07066402592883
SO_27286,203.28439058524708
SO_27292,265.1476123552819
SO_27293,132.57380617764096
SO_27298,709.5346406634749
SO_27302,320.03933769829626
SO_27307,1346.3184798348652
SO_27313,592.1304496003079
SO_27316,83.52779081047127
SO_27318,195.57283680461433
SO_27324,473.02309377564995
SO_27325,1132.8161475929096
SO_27326,218.181453135057
SO_27329,904.7631284076307
SO_27331,353.25211716098585
SO_27332,156.25103375100585
SO_27333,187.18412173495093
SO_27344,333.21704780758716
SO_27349,540.2826561037153
SO_27366,170.05723428266916
SO_27368,48.89320920115358
SO_27371,218.181453135057
SO_27374,283.2040368982274
SO_27376,514.3027186453149
SO_27377,218.181453135057
SO_27381,74.31646502979235
SO_27384,587.9190526289241
SO_27387,127.58475375725774
SO_27392,104.1673558340039
SO_27394,206.2762983133619
SO_27396,91.91132868453339
SO_27397,48.89320920115358
SO_27401,462.34284372851437
SO_27402,406.56878117049416
SO_27404,385.4038378041125
SO_27408,332.097246099381
SO_27409,135.07066402592883
SO_27417,283.2040368982274
SO_27418,423.73996493504467
SO_27420,91.91132868453339
SO_27423,709.5346406634749
SO_27425,250.58337243141384
SO_27426,321.54016402915954
SO_27435,244.16139059345733
SO_27437,514.1124025028644
SO_27438,78.69154455610416
SO_27440,499.921219438808
SO_27441,265.1476123552819
SO_27444,48.89320920115358
SO_27448,116.81325390231095
SO_27450,218.181453135057
SO_27451,236.51154688782498
SO_27456,650.5514501593944
SO_27457,255.08585142400375
SO_2746,331.8838479257578
SO_27460,849.6121106946822
SO_27461,675.3533201296441
SO_27467,74.31646502979235
SO_27468,48.89320920115358
SO_2747,1217.6399999999999
SO_27470,265.1476123552819
SO_27471,415.77784307586836
SO_27475,132.57380617764096
SO_2748,171.71362548765583
SO_27481,827.7904141073874
SO_27483,118.25577344391249
SO_27485,283.2040368982274
SO_27487,127.58475375725774
SO_27491,36.032435251622935
SO_27492,135.07066402592883
SO_27494,354.76732033173744
SO_27500,95.27279305041755
SO_27505,97.78641840230716
SO_27506,118.25577344391249
SO_27511,244.16139059345733
SO_27513,297.2658601191694
SO_27517,48.89320920115358
SO_2752,304.1674663278626
SO_27522,385.4038378041125
SO_27527,48.89320920115358
SO_27529,462.34284372851437
SO_27531,794.5632578048095
SO_27532,116.81325390231095
SO_27535,405.2119920777865
SO_27536,78.69154455610416
SO_27538,964.6204920874786
SO_27540,31.976606327467657
SO_27546,222.94939508937708
SO_27551,265.1476123552819
SO_27553,31.976606327467657
SO_27554,849.6121106946822
SO_27555,52.08367791700195
SO_27556,74.31646502979235
SO_27558,325.18224699327163
SO_27560,408.79920362354056
SO_27562,102.19980090588514
SO_27566,496.3304986084605
SO_27568,48.89320920115358
SO_27578,408.79920362354056
SO_27579,421.31480201296
SO_27582,385.4038378041125
SO_27585,254.68804301268324
SO_27588,47.636396525208774
SO_27592,78.69154455610416
SO_27594,183.82265736906677
SO_27595,48.89320920115358
SO_27600,139.54772520974217
SO_27601,283.2040368982274
SO_27606,381.7475597670939
SO_27607,275.7339860536002
SO_27610,964.6204920874786
SO_27612,236.07463366831252
SO_27614,204.39960181177028
SO_27616,47.636396525208774
SO_27620,132.57380617764096
SO_27623,132.57380617764096
SO_27627,135.07066402592883
SO_27633,283.2040368982274
SO_27638,194.11112959041853
SO_27639,252.38358877069425
SO_27640,221.01489115926773
SO_27641,863.1796092255826
SO_27650,367.64531473813355
SO_27651,102.19980090588514
SO_27653,425.1430857066729
SO_2766,160.5436281808892
SO_27662,109.0907265675285
SO_27664,132.57380617764096
SO_27665,127.58475375725774
SO_27666,146.9444888698701
SO_27672,321.54016402915954
SO_27673,148.21623293669035
SO_27682,146.67962760346074
SO_27683,48.89320920115358
SO_27687,1813.74160302406
SO_27688,132.57380617764096
SO_27692,408.79920362354056
SO_27694,85.02861714133458
SO_27696,801.1816808799808
SO_27699,109.0907265675285
SO_27700,1838.022209621883
SO_27703,102.19980090588514
SO_27704,109.0907265675285
SO_27705,283.2040368982274
SO_27706,208.3347116680078
SO_27707,109.0907265675285
SO_27708,218.181453135057
SO_27712,190.5455861008351
SO_27713,36.032435251622935
SO_27714,83.52779081047127
SO_27721,252.78982470933755
SO_27722,282.4569147853685
SO_27723,52.08367791700195
SO_27725,487.60363870999765
SO_27726,160.9254072014378
SO_27731,181.46701537879454
SO_27732,109.0907265675285
SO_27735,139.54772520974217
SO_27736,194.11934370886308
SO_27739,334.1111632418851
SO_27740,91.91132868453339
SO_27742,91.91132868453339
SO_27743,127.58475375725774
SO_27744,132.66501366654336
SO_27745,369.17656055436834
SO_27746,218.181453135057
SO_27747,52.08367791700195
SO_27748,78.69154455610416
SO_27750,181.88938479010588
SO_27752,95.27279305041755
SO_27754,283.2040368982274
SO_27758,1139.4561154541784
SO_27759,543.3988591505854
SO_27760,47.636396525208774
SO_27763,206.2762983133619
SO_27764,132.57380617764096
SO_27765,47.636396525208774
SO_27772,283.66681628467967
SO_27777,47.636396525208774
SO_27778,127.58475375725774
SO_27783,265.1476123552819
SO_27787,411.29578395077897
SO_27789,47.636396525208774
SO_27791,127.58475375725774
SO_27793,811.0463848818184
SO_27794,142.90918957562633
SO_27799,47.636396525208774
SO_27805,283.2040368982274
SO_27807,360.42040540569946
SO_27808,609.8531717557412
SO_27809,85.02861714133458
SO_27810,265.1476123552819
SO_27811,132.57380617764096
SO_27812,245.10899048151146
SO_27813,218.181453135057
SO_27814,248.87942850934587
SO_27816,444.64869881007104
SO_27821,118.25577344391249
SO_27822,530.2952247105638
SO_27823,874.4829041177899
SO_27836,218.181453135057
SO_27840,473.02309377564995
SO_27841,744.9111337549418
SO_27842,48.89320920115358
SO_27844,827.7904141073874
SO_27848,487.4323339982808
SO_27852,951.8119116005673
SO_27853,142.90918957562633
SO_27856,421.6803652529792
SO_27858,275.80098669394806
SO_27859,289.3009292703783
SO_27860,102.19980090588514
SO_27861,204.39960181177028
SO_27863,47.636396525208774
SO_27866,218.181453135057
SO_27868,148.21623293669035
SO_27869,842.1996543300182
SO_27873,77.84641232396373
SO_27875,113.42275644406413
SO_27876,411.22470270682766
SO_27878,134.8628988959015
SO_27885,2035.163404934671
SO_27886,73.0972222600856
SO_27887,38.92320616198187
SO_27889,407.69971878014314
SO_27891,226.84551288812827
SO_27894,67.43144944795075
SO_27900,1061.0213690800044
SO_27902,1056.89095156626
SO_27904,106.35465560993262
SO_27905,170.2006774523731
SO_27907,67.43144944795075
SO_27908,170.2006774523731
SO_27911,106.35465560993262
SO_27915,248.28565533996564
SO_27923,1144.0666366248545
SO_27928,113.42275644406413
SO_27931,309.10782747641576
SO_27932,134.8628988959015
SO_27936,502.7123481001598
SO_27943,113.42275644406413
SO_27945,113.42275644406413
SO_27950,123.25
SO_27953,165.14527227139618
SO_27956,113.42275644406413
SO_2796,704.4454131567768
SO_27961,113.42275644406413
SO_27967,162.31099319541357
SO_27969,340.2682693321924
SO_27976,67.43144944795075
SO_27979,237.29007864891773
SO_27981,85.10033872618655
SO_27984,202.29434834385228
SO_27986,77.84641232396373
SO_27991,649.0503588585311
SO_28009,340.2682693321924
SO_28012,226.84551288812827
SO_28013,24.606923096573666
SO_28015,67.43144944795075
SO_28017,38.92320616198187
SO_28019,67.43144944795075
SO_28022,226.84551288812827
SO_28032,311.94585161431485
SO_28048,165.14527227139618
SO_28052,77.84641232396373
SO_28060,67.43144944795075
SO_28062,618.2156549528315
SO_28069,340.2682693321924
SO_28075,493.0
SO_28081,123.25
SO_28082,246.5
SO_28083,485.5461311041069
SO_28084,38.92320616198187
SO_28085,165.14527227139618
SO_28086,226.84551288812827
SO_28087,113.42275644406413
SO_28088,106.35465560993262
SO_28091,1545.539137382079
SO_28093,38.92320616198187
SO_28096,241.21755450583413
SO_28101,309.10782747641576
SO_28104,134.8628988959015
SO_28108,113.42275644406413
SO_28112,495.4358168141885
SO_28115,323.7366326561411
SO_28122,116.76961848594563
SO_28123,309.10782747641576
SO_28125,567.1137822203207
SO_28129,123.25
SO_28130,309.10782747641576
SO_28131,309.10782747641576
SO_28135,288.39527227139615
SO_28139,38.92320616198187
SO_2814,577.848107067224
SO_28142,204.06847843337806
SO_28144,460.40724723975376
SO_28150,165.14527227139618
SO_28154,236.67275644406413
SO_28156,340.2682693321924
SO_28157,165.14527227139618
SO_28158,67.43144944795075
SO_28159,113.42275644406413
SO_28162,123.25
SO_28165,226.84551288812827
SO_28167,576.7905445427923
SO_28173,113.42275644406413
SO_28180,172.29164301218083
SO_28182,132.44532269750977
SO_28194,567.1137822203207
SO_28195,113.42275644406413
SO_28196,106.35465560993262
SO_28197,226.84551288812827
SO_28202,330.29054454279236
SO_28204,67.43144944795075
SO_28212,49.21384619314733
SO_28216,825.726361356981
SO_28226,278.5680287154603
SO_28236,165.14527227139618
SO_28239,485.4660415611172
SO_28243,378.2674525051837
SO_28247,38.85016780138018
SO_28250,77.70033560276036
SO_28255,77.70033560276036
SO_28260,174.61708168290158
SO_28269,434.106815328399
SO_28272,144.70227177613302
SO_28278,135.76691388152142
SO_28283,144.70227177613302
SO_28285,295.91979094966314
SO_28286,38.85016780138018
SO_28287,194.2508390069009
SO_28291,38.85016780138018
SO_28292,226.8262787602952
SO_28293,135.76691388152142
SO_28294,79.18343571368975
SO_28303,135.76691388152142
SO_28304,77.70033560276036
SO_28307,67.88345694076071
SO_28311,680.0253815620314
SO_28318,20.969648850971915
SO_28321,104.84824425485958
SO_28360,1019.0777274631952
SO_28363,310.78
SO_28416,229.46181593872666
SO_28419,107.11398472794505
SO_28420,154.08
SO_28442,129.80181593872666
SO_28451,331.1610677479796
SO_28453,105.92532687751024
SO_28460,164.32562124911655
SO_28461,448.61139641423995
SO_28468,331.9876130889955
SO_28470,53.03087493373638
SO_28484,372.3280868027184
SO_28485,111.16587685586431
SO_28487,53.03087493373638
SO_28488,458.5897039730213
SO_28489,408.650005685558
SO_28492,39.0189419203289
SO_285,191.4359891852078
SO_28500,608.076907434864
SO_28508,53.03087493373638
SO_28516,331.9876130889955
SO_28526,93.44790261980526
SO_28534,197.00522162688884
SO_28539,143.41149766689247
SO_28555,584.8724379103265
SO_28556,342.89672997568846
SO_28564,123.95465915801711
SO_28577,322.28090163227006
SO_28589,40.4827333672738
SO_28590,265.48268293573256
SO_28599,62.622824064873896
SO_28605,125.24564812974779
SO_28618,462.9256711554993
SO_28626,302.89954469927835
SO_28628,62.622824064873896
SO_28630,125.28125852516406
SO_28648,88.69989300770068
SO_28657,230.64692402998912
SO_28664,1554.3971007547748
SO_28670,265.48268293573256
SO_28674,109.75184922176246
SO_2868,204.3171129781391
SO_28683,243.37984665790415
SO_28690,115.32346201499456
SO_28697,571.4480992387389
SO_28698,178.543251645941
SO_28699,125.28125852516406
SO_28700,131.87092273941371
SO_28702,286.66237643543695
SO_28707,40.4827333672738
SO_28711,164.82324133296765
SO_28712,113.59643739307504
SO_28714,95.554125478479
SO_28717,893.5508604524099
SO_28718,307.71699169312535
SO_28725,69.26911585448865
SO_28728,345.9703860449837
SO_28738,120.46903325346423
SO_28740,139.71290775511204
SO_28743,607.6356862255138
SO_28745,26.88948366765853
SO_28747,286.66237643543695
SO_28749,248.29008093073972
SO_28750,151.44977234963918
SO_28760,274.09737712442
SO_28762,187.9218877877461
SO_28764,40.4827333672738
SO_28766,490.82886503856537
SO_28771,190.71731595631007
SO_28775,125.28125852516406
SO_28776,115.32346201499456
SO_28781,21.100492843172418
SO_28786,120.46903325346423
SO_28789,88.69989300770068
SO_28800,40.4827333672738
SO_28807,120.46903325346423
SO_28811,194.79129041910687
SO_28814,179.0209650762511
SO_28816,248.29008093073972
SO_28822,714.173006583764
SO_28824,80.9654667345476
SO_28832,672.1076872032558
SO_28835,796.4480488071977
SO_28838,391.599437706979
SO_28839,62.64062926258203
SO_28840,543.0492100566182
SO_28847,391.599437706979
SO_28848,357.086503291882
SO_28849,125.28125852516406
SO_28850,125.24564812974779
SO_28863,178.543251645941
SO_28869,138.5382317089773
SO_28870,306.58241239037585
SO_28871,265.48268293573256
SO_28874,187.8684721946217
SO_28875,64.70685143335011
SO_28878,64.70685143335011
SO_28879,34.28472210494823
SO_28883,40.4827333672738
SO_28888,121.44820010182143
SO_28890,191.108250956958
SO_28891,266.09967902310206
SO_28893,125.24564812974779
SO_28900,63.301478529517254
SO_28901,88.69989300770068
SO_28905,62.622824064873896
SO_28909,178.543251645941
SO_28914,955.2589092960344
SO_28915,139.71290775511204
SO_28926,209.18201604775652
SO_28928,113.59643739307504
SO_28934,69.26911585448865
SO_28936,69.26911585448865
SO_28940,357.086503291882
SO_28941,150.23458258903625
SO_28946,80.9654667345476
SO_28947,345.9703860449837
SO_28948,265.48268293573256
SO_28952,110.7704298962413
SO_28968,1049.2985544370601
SO_28971,313.2031463129102
SO_28974,138.5382317089773
SO_28975,835.0989027454825
SO_28985,62.622824064873896
SO_28986,69.26911585448865
SO_28988,179.0209650762511
SO_28990,42.200985686344836
SO_28991,908.4801339391221
SO_28992,21.100492843172418
SO_29000,69.26911585448865
SO_29004,125.28125852516406
SO_29005,139.71290775511204
SO_29007,64.70685143335011
SO_29009,63.301478529517254
SO_29010,125.28125852516406
SO_29011,265.48268293573256
SO_29017,552.1450593711695
SO_29026,88.69989300770068
SO_29027,109.75184922176246
SO_29028,187.8684721946217
SO_29029,139.78718632081032
SO_29030,40.4827333672738
SO_29037,42.200985686344836
SO_29043,151.44977234963918
SO_29044,95.554125478479
SO_29055,329.25554766528734
SO_29056,40.4827333672738
SO_29057,151.44977234963918
SO_29059,419.1387232653361
SO_29064,166.15564484436194
SO_29066,250.49129625949558
SO_29074,69.26911585448865
SO_29075,178.543251645941
SO_29078,123.95465915801711
SO_29080,625.3962015552078
SO_29081,187.9218877877461
SO_29082,125.24564812974779
SO_29085,485.6832938000957
SO_29086,115.32346201499456
SO_29087,357.086503291882
SO_2909,351.21501484255054
SO_29090,40.4827333672738
SO_29092,177.26725195000176
SO_29093,319.9085488774979
SO_29094,286.66237643543695
SO_29095,220.88001052554736
SO_29096,37.24755790513245
SO_29102,231.20004932358387
SO_29105,62.622824064873896
SO_29106,761.6122899014542
SO_29113,158.93905290755754
SO_29115,26.88948366765853
SO_29116,40.4827333672738
SO_29120,40.4827333672738
SO_29121,333.18784118166775
SO_29123,37.24755790513245
SO_29127,274.09737712442
SO_29128,308.61711410366615
SO_29129,120.46903325346423
SO_29135,155.58537424186207
SO_29137,151.44977234963918
SO_29139,154.30855705183308
SO_29143,535.629754937823
SO_29144,444.0259345816736
SO_29147,250.56251705032813
SO_29152,89.66993705306888
SO_29154,40.4827333672738
SO_29157,40.4827333672738
SO_29159,178.30328882642516
SO_29163,209.18201604775652
SO_29164,302.89954469927835
SO_29168,21.100492843172418
SO_29169,394.74927752521864
SO_29176,170.39465608961254
SO_29180,95.554125478479
SO_29182,757.248861748196
SO_29185,37.24755790513245
SO_29188,62.622824064873896
SO_29190,311.34493502955246
SO_29195,382.216501913916
SO_29197,69.26911585448865
SO_29198,62.64062926258203
SO_29205,539.5800600601526
SO_29206,182.8655532475637
SO_29207,357.086503291882
SO_29208,55.38521494812065
SO_29211,716.3302178300848
SO_29212,230.64692402998912
SO_29214,178.543251645941
SO_29217,374.9799409887031
SO_29223,255.0363697701066
SO_29225,26.88948366765853
SO_29230,128.1893089494375
SO_29233,69.26911585448865
SO_29236,62.622824064873896
SO_29238,1153.5345520990797
SO_29239,216.93138111670697
SO_29242,64.70685143335011
SO_29244,198.68281872118888
SO_29247,69.26911585448865
SO_29248,40.4827333672738
SO_29249,54.87345899592343
SO_29251,392.25437889678597
SO_29252,730.6883110171105
SO_29256,90.66525710193564
SO_29258,383.90383967627383
SO_29259,271.09990765376
SO_29266,90.66525710193564
SO_29269,1272.5474719997715
SO_29271,251.99992453200414
SO_29272,631.9677956227663
SO_29274,64.49891002243743
SO_29282,120.15063699153852
SO_29301,65.33765773194251
SO_29323,317.7096339317999
SO_29329,54.812979259596005
SO_29333,193.49673006731228
SO_29334,240.6160750196782
SO_29338,32.66882886597126
SO_29353,494.9105607766648
SO_29376,44.24647489684237
SO_29382,207.78304461815225
SO_29386,494.9105607766648
SO_29421,129.00449293805738
SO_29422,320.21579405607196
SO_29431,80.99040052830168
SO_29433,127.26520026415083
SO_29468,180.87557580708847
SO_29478,149.22143511432287
SO_29491,169.70688240855745
SO_2950,200.4572064409697
SO_29500,94.79952807027979
SO_29509,329.4718080076197
SO_29520,85.22100785662205
SO_29528,867.198953016436
SO_29534,303.8824210407949
SO_29538,344.75783026842134
SO_29544,170.12178992074007
SO_29549,172.37891513421067
SO_29569,915.1006839012534
SO_2958,189.35362232752158
SO_29585,355.6316540758599
SO_29595,282.36
SO_29605,84.23077299523165
SO_29607,126.08153561204128
SO_29623,108.78
SO_29631,378.04679849750823
SO_29632,376.48
SO_29643,179.59
SO_29650,1220.7073617794722
SO_29656,520.3627698495322
SO_29677,84.10565617672373
SO_29683,395.0359873579572
SO_29684,708.7364485231128
SO_29691,48.32
SO_29696,112.88399011069296
SO_29712,213.8784114684663
SO_29731,306.75009885124257
SO_29737,170.24206723377736
SO_2976,255.05906881365658
SO_29764,794.1584444023136
SO_29770,747.4707668560734
SO_29782,322.8877393616419
SO_29795,156.23632404007995
SO_29797,198.76833027692436
SO_29799,234.27937113161695
SO_29813,156.23632404007995
SO_29888,400.2033595677617
SO_29901,47.070494408581006
SO_29911,179.59
SO_29912,107.87574487914185
SO_2992,94.12
SO_29920,94.37
SO_29923,341.19819265383046
SO_29942,203.12717035050312
SO_29950,170.3298414434298
SO_29959,662.6708943783588
SO_29964,238.1951144234085
SO_29984,365.3683521438995
SO_2999,66.54749690677187
SO_30004,582.691016490636
SO_30006,534.2921034412498
SO_30045,194.719353746357
SO_30067,123.02771586106097
SO_30071,133.35729648564785
SO_3009,626.9031238181358
SO_3010,348.34368006043155
SO_30109,339.0342480226962
SO_30111,70.1
SO_3013,168.69953749496915
SO_30141,400.13268695143586
SO_30143,452.5555621305226
SO_30152,95.50165153553891
SO_30154,131.25870869113263
SO_30157,202.94
SO_30162,93.80927655344108
SO_30167,149.49
SO_30168,72.8012913698346
SO_30169,170.82
SO_30183,170.82
SO_30254,63.197299120741334
SO_30269,327.9397664235533
SO_30276,49.83
SO_30294,371.51933698222064
SO_30295,123.25
SO_30321,199.4429338839019
SO_30348,131.8097197367495
SO_30353,90.07943947349901
SO_30361,264.4359102270352
SO_3039,696.6873601208631
SO_30396,303.09734553455144
SO_30421,148.78220443157718
SO_30441,47.03895697699488
SO_30442,276.47329310310215
SO_30450,95.88542166971826
SO_30468,734.2951163388474
SO_305,47.3994331532644
SO_30505,98.46574656583198
SO_30514,66.92841838802009
SO_3052,192.26789632726707
SO_30527,76.9874319130135
SO_30539,167.01544270093444
SO_30548,43.1339310633044
SO_3059,223.17005852882644
SO_30609,131.76289065031264
SO_30612,349.6520826036219
SO_30632,75.11743542718816
SO_30657,77.3634793774878
SO_30658,378.36983565060495
SO_30675,189.18491782530248
SO_30700,320.75689200446357
SO_30753,79.35300033330115
SO_30754,158.7060006666023
SO_30772,84.95676682152467
SO_30775,88.02848344149596
SO_30790,91.00811420023963
SO_30818,82.65891548148511
SO_30834,163.8755418084178
SO_30836,168.5521092124628
SO_30838,119.51314732989152
SO_3086,157.42105972324623
SO_30865,376.70630982711793
SO_30867,828.4756655867499
SO_30888,73.58006015769404
SO_30914,50.036104222936174
SO_30921,333.8771546738034
SO_3095,380.78733651671513
SO_30971,700.294585909515
SO_31053,206.7620717586816
SO_31093,40.92077566180997
SO_31097,106.84286896323698
SO_311,94.7988663065288
SO_31104,365.4786510212832
SO_31107,184.46771308238777
SO_3113,312.17526584655803
SO_3114,208.11684389770534
SO_31140,295.0847127755809
SO_31141,166.9093546208068
SO_31143,95.02566807742987
SO_31146,97.2021444383553
SO_31159,311.03754756618025
SO_31165,63.68087861879215
SO_31167,1014.7
SO_31176,63.68087861879215
SO_31196,172.62606115104242
SO_3121,42.963126240829375
SO_3122,687.3650846106239
SO_31232,95.54295758058238
SO_3125,328.2484398909498
SO_31252,468.6382502221335
SO_31259,116.84410324659748
SO_31263,79.31879647146413
SO_31270,179.59
SO_31284,168.32357108614602
SO_31311,218.85081242261532
SO_31346,239.41
SO_31366,94.3000772500569
SO_31378,320.734512900596
SO_31406,26.91684641438634
SO_3143,1028.7834110373865
SO_3144,301.61796548290516
SO_3145,201.07864365527007
SO_31465,46.65595899130379
SO_31498,253.53039648338486
SO_31500,77.04
SO_31507,329.95559420747844
SO_31510,810.8208897508066
SO_31528,134.06229613992167
SO_31531,165.925770503922
SO_31532,83.0890720776049
SO_31545,49.83
SO_3159,486.28644095535367
SO_31608,302.73379279450444
SO_31630,108.78
SO_3165,229.4921555471974
SO_31669,81.915183635582
SO_31685,179.9454362972228
SO_31710,142.12841628871254
SO_31712,118.0583150225902
SO_3179,104.46835729530089
SO_31795,183.06166527714353
SO_31854,156.3083207740928
SO_31870,638.06
SO_31888,29.948323661387644
SO_3190,316.59468174294244
SO_3191,659.411185041947
SO_31923,170.57173871101693
SO_31936,166.6391501675182
SO_31956,160.9546194105481
SO_31997,187.18689979076828
SO_32007,48.792633329324964
SO_32012,50.766781799116664
SO_3202,178.88444268039726
SO_32060,302.2999562629785
SO_3207,967.9994854340448
SO_3208,85.11618923555994
SO_32101,175.39229033683003
SO_32235,166.9776689542454
SO_3224,510.07329925918384
SO_3226,72.09621245551548
SO_32356,514.5187206028638
SO_32416,100.52213965421872
SO_3243,409.51106567891173
SO_32474,469.1026483407345
SO_32495,429.2940696824322
SO_32524,131.91306709514143
SO_32581,170.82
SO_32595,1086.4144694772922
SO_32615,64.42408456528953
SO_32650,128.27938098917207
SO_32654,88.59
SO_3267,166.88790369635544
SO_32673,199.22410027818964
SO_3269,94.12
SO_327,27.894143368756698
SO_3272,580.7191640737774
SO_32728,50.81950975919666
SO_3274,142.59004048464905
SO_32784,101.12444780416506
SO_32837,50.85634728375339
SO_32847,512.46
SO_32848,245.1711177204524
SO_3285,172.45893693300712
SO_3288,434.085765085719
SO_3289,49.83
SO_3292,111.14753916371917
SO_33001,57.026807683758875
SO_33005,300.1907284719628
SO_33044,77.04
SO_3309,434.085765085719
SO_33128,156.71956828562307
SO_33186,188.24
SO_33211,195.10143346251235
SO_33212,196.8550499305337
SO_33222,67.98669736827631
SO_33242,155.49891214521858
SO_33273,341.1157770668111
SO_33321,466.3118170822911
SO_33360,101.5407717147808
SO_33376,589.8846807615716
SO_3338,85.04059655964154
SO_33384,196.6282269205239
SO_3339,115.379527256595
SO_33391,46.61460005100668
SO_3340,82.3203894145348
SO_33408,88.59
SO_33431,27.54159996777558
SO_33472,197.79310525577765
SO_33501,130.11403458789272
SO_33511,137.18
SO_3357,89.77950699892975
SO_336,109.91115740862452
SO_33621,159.17871783882276
SO_33660,895.2692997456585
SO_3367,387.49146099316675
SO_33674,428.4460246534458
SO_33697,407.758108283885
SO_33699,312.2040960481149
SO_33705,728.403123897767
SO_3372,94.80203257431941
SO_3373,188.24
SO_33732,254.28991995228952
SO_33751,739.485813691535
SO_33753,108.78
SO_33760,45.23029385737573
SO_33766,307.5135786440025
SO_33768,708.2295077640538
SO_33770,102.50452621466748
SO_33771,162.41571105492017
SO_33775,487.2471331647605
SO_33779,195.7060245149493
SO_338,133.79206303013007
SO_3380,129.17148016400157
SO_33822,94.12
SO_33833,699.9179079114977
SO_33873,397.0173125459403
SO_33901,211.26977349241585
SO_33930,496.2263912057829
SO_33939,155.80746682554664
SO_33941,667.6522645111256
SO_33947,1038.9813776869553
SO_33949,290.83813088808876
SO_33952,49.19682316101507
SO_34001,56.38776766022513
SO_3401,98.21123900334058
SO_34028,163.43497232698994
SO_34048,149.27948012831772
SO_3405,132.78264541131918
SO_34051,49.30390716139129
SO_34052,182.78034820937123
SO_34059,283.11
SO_34069,24.651953580695643
SO_34076,894.4347884675848
SO_34086,155.7774139386373
SO_3409,333.7154412352963
SO_34092,632.5127600243245
SO_34101,302.89863949925314
SO_34106,326.86994465397987
SO_34108,79.35485942315599
SO_3412,493.3456329593249
SO_34127,103.42961760041469
SO_34158,623.1202548513922
SO_34161,400.3072054152801
SO_34171,104.31545412130394
SO_34173,74.507992998747
SO_34194,510.7169006842524
SO_34196,77.3704189746955
SO_34205,144.75889898435574
SO_34212,228.8607309000114
SO_34218,99.06485986351981
SO_34223,604.1719848832889
SO_34227,322.63443494463354
SO_34241,138.14339881296647
SO_34250,92.85542566064457
SO_34254,193.51311869607468
SO_34260,122.28992107341213
SO_34266,82.15001424273758
SO_34279,124.93123970315294
SO_34280,221.65958945982646
SO_34297,492.9000854564256
SO_34312,1037.76
SO_34320,170.73579143484088
SO_34330,608.7326175323897
SO_34331,170.73579143484088
SO_34388,230.33143389291305
SO_34391,817.3466283092955
SO_34400,155.2149750541135
SO_34401,102.8666570773239
SO_34409,608.2935119381815
SO_34410,301.74910093407925
SO_34415,97.64535409126991
SO_34456,786.758036630762
SO_34457,117.31948249154283
SO_3446,390.0175213449406
SO_34462,590.0685274730715
SO_34467,674.4510758307629
SO_34481,117.31948249154283
SO_34506,384.44
SO_34508,302.61046639107553
SO_34514,941.3494156820793
SO_34537,85.96620430797812
SO_34539,184.9022761886739
SO_34589,199.32
SO_3459,76.3942671790476
SO_3461,97.68442847342172
SO_34610,521.1713591908228
SO_34631,108.02878340216022
SO_34634,760.2163856111204
SO_34644,109.69680146322884
SO_34652,298.9416364892573
SO_34676,493.17203212729976
SO_34688,1082.1742341167326
SO_34690,37.25212303437773
SO_34694,293.05570185134485
SO_34717,108.99052419331274
SO_34727,229.9932467879477
SO_3473,186.1115537642867
SO_34751,358.242226662606
SO_34754,80.33626023655991
SO_34756,148.04213443528502
SO_34766,537.363339993909
SO_34782,179.121113331303
SO_34783,241.0087807096797
SO_34785,636.0585210355587
SO_34786,493.4759052082486
SO_34789,48.03545901805552
SO_3479,189.00050325108953
SO_34793,376.5114754146025
SO_34796,48.03545901805552
SO_3480,106.07921857157442
SO_34804,296.0855431249492
SO_34814,242.1214812092723
SO_34816,498.1577239641569
SO_34818,98.69518104164973
SO_34826,555.6325887459054
SO_34829,98.69518104164973
SO_3483,49.83
SO_34831,78.44149194252797
SO_34843,924.9907847134662
SO_34846,48.03545901805552
SO_3485,311.7230445258684
SO_34853,337.50285448465763
SO_34854,80.33626023655991
SO_34857,578.4851587039066
SO_34869,179.121113331303
SO_34870,888.8785535476222
SO_34873,80.33626023655991
SO_34892,179.121113331303
SO_34895,636.0585210355587
SO_3490,320.5545320075936
SO_34902,135.5283121601896
SO_34903,358.9556875059489
SO_34904,538.4335312589233
SO_34905,254.12907977015732
SO_34909,254.12907977015732
SO_34915,358.9556875059489
SO_34916,149.30247203436573
SO_34940,94.84020730791548
SO_34951,403.4315518045231
SO_34961,743.2753193337978
SO_34962,75.4564470422504
SO_3497,207.81536301724557
SO_34983,141.5504084985397
SO_34990,85.44901365097026
SO_34995,821.3221591230808
SO_34996,163.88605599704482
SO_35008,128.8650049459907
SO_35012,438.5806389346718
SO_35013,578.2546648173137
SO_35016,298.7109021700766
SO_35019,163.88605599704482
SO_3503,500.7235477769579
SO_35033,245.82908399556723
SO_35035,283.1008169970794
SO_35041,795.2182498708212
SO_35043,385.5031098782092
SO_35049,385.5031098782092
SO_35063,163.88605599704482
SO_35067,257.7300098919814
SO_35068,274.69458293762705
SO_35072,274.69458293762705
SO_35074,170.89802730194052
SO_35075,122.94279751996412
SO_35076,128.86498483171096
SO_35078,245.82908399556723
SO_35093,787.3267371903485
SO_35100,132.349967086968
SO_3512,585.8163695194246
SO_35133,62.47287317561113
SO_35143,162.1359155090221
SO_35145,305.2348743589657
SO_35146,187.4186195268334
SO_35148,92.98683964259484
SO_35156,187.83296422946668
SO_35169,371.9473585703794
SO_35173,57.694792915654084
SO_35176,314.9804780088211
SO_35177,883.8022077730077
SO_35180,654.3833439260122
SO_35182,754.9067023688644
SO_35187,240.55543075466187
SO_3519,641.1090640151872
SO_35193,297.2673485273036
SO_35194,176.28305006825767
SO_35202,46.77826898964661
SO_35214,138.56448672006397
SO_35224,176.28305006825767
SO_35236,548.8897584064855
SO_35240,176.28305006825767
SO_3525,811.76
SO_35263,86.1287231592725
SO_35265,435.46351474953957
SO_35269,91.20460661138777
SO_35279,489.580794005647
SO_35305,84.96923860841522
SO_35314,126.0275243826945
SO_35320,274.4202134614526
SO_35329,88.67462557344078
SO_3535,314.4842694916663
SO_35366,46.04607070800898
SO_35367,305.66898867657983
SO_35413,46.73642433163891
SO_35428,204.62448515843576
SO_3545,695.4333339667769
SO_35482,192.22
SO_35500,142.0234196336519
SO_35515,424.7110075490746
SO_35518,63.73057882362277
SO_3552,127.51431527407621
SO_35526,599.0953256836946
SO_3553,158.5526801497298
SO_3554,514.66
SO_35554,151.4883648484222
SO_35569,78.64724609314193
SO_3558,206.13538264699278
SO_35580,235.94173827942578
SO_35601,106.83179572295812
SO_3562,94.12
SO_35626,251.91234197746024
SO_35627,961.4529026832181
SO_35630,91.06197753967696
SO_35636,602.1411610732872
SO_35659,217.56
SO_35663,182.12395507935392
SO_35694,594.8721032895633
SO_3570,294.6955834343086
SO_35710,118.03314777289589
SO_35718,47.60866656254078
SO_35719,991.4535054826056
SO_3575,94.12
SO_35763,91.13372176787236
SO_35768,217.0032971259095
SO_35771,64.00202654113417
SO_35776,155.39
SO_3579,77.87395248234259
SO_35794,288.44568280940416
SO_35799,173.3354737828749
SO_35834,179.59
SO_3584,94.12
SO_35843,188.80875814055864
SO_35848,188.80875814055864
SO_35866,297.58875814055864
SO_35878,515.1487581405587
SO_35889,276.43306191328384
SO_35911,140.42313038344506
SO_35927,500.0830179034195
SO_35931,81.07785246741042
SO_35938,166.69433930113985
SO_35951,49.83
SO_35966,118.85099730407413
SO_35968,124.76069183946716
SO_35989,306.36462903535005
SO_35993,592.7538871060501
SO_36001,503.9492580707001
SO_36002,395.16925807070015
SO_3602,376.84911471589413
SO_36041,500.0137107329931
SO_36082,123.25
SO_36090,193.81736181764035
SO_36095,310.6171681897162
SO_36098,387.6347236352807
SO_36108,91.16824355775724
SO_36110,321.5589256869592
SO_36124,100.54983424985993
SO_36127,333.61268633481836
SO_36131,198.97414699256444
SO_36136,100.54983424985993
SO_3614,111.33637690235057
SO_36152,201.09966849971985
SO_36156,400.0738154922843
SO_36161,281.27727342397543
SO_36168,241.33442837740594
SO_36176,699.5977967347087
SO_36184,101.80744866407676
SO_36187,185.67646011047816
SO_36227,83.64796521105453
SO_3623,493.09642180094943
SO_36232,89.89763848009095
SO_36234,269.6929154402728
SO_36235,481.2932858295427
SO_36239,345.92
SO_36256,882.4227418809943
SO_3626,49.39384622832751
SO_36275,294.1409139603315
SO_36281,365.859407840799
SO_36296,169.11173235544277
SO_3630,954.2497192238462
SO_36300,50.909984986281835
SO_36307,342.3736446509122
SO_36319,98.30809384118069
SO_36321,501.8043615177394
SO_36323,1331.752865268809
SO_36331,1008.7406691913969
SO_36343,84.55586617772138
SO_36348,201.74813383827936
SO_36349,253.66759853316415
SO_36373,61.87795572006429
SO_3638,294.18758092504794
SO_36387,318.23752037245987
SO_3639,49.39384622832751
SO_36397,562.3476587012706
SO_364,46.70261445095824
SO_36408,187.34656465256262
SO_36414,82.4702451529138
SO_36425,694.0784096149937
SO_36427,149.05470514440574
SO_36455,194.23932074564303
SO_36478,487.25614280850556
SO_36488,586.0336441257251
SO_36498,667.5199807037815
SO_36499,566.03692788585
SO_36504,169.70650952361675
SO_36506,133.41443514239063
SO_36516,48.31969618315155
SO_36528,230.65258448682567
SO_36546,122.18639619279341
SO_36547,163.34339155427048
SO_3656,393.64200136299866
SO_36566,184.94785130879745
SO_36583,496.27465134138583
SO_36595,184.94785130879745
SO_3660,198.90884087590146
SO_36608,277.4217769631962
SO_36617,402.58151948952354
SO_36652,361.7527199064556
SO_36662,390.7045412692184
SO_36703,1552.5735135257537
SO_36711,94.12
SO_36733,319.6670416955038
SO_36736,92.53759818924767
SO_36740,355.3374000909619
SO_36741,518.7370931644646
SO_36749,199.07005146896074
SO_36764,327.04991385140374
SO_36765,1852.442204223034
SO_36775,78.88539972468821
SO_36777,555.7326612669101
SO_36807,216.69868953723966
SO_36821,1536.4648192366308
SO_36833,367.07766587271897
SO_36860,29.13804183357886
SO_3687,608.8199999999999
SO_36870,181.53757752779242
SO_36878,1021.7293853209608
SO_36888,79.69989030102833
SO_36914,79.69989030102833
SO_36917,49.83
SO_36918,363.07515505558484
SO_3692,96.48813591672632
SO_36932,453.84394381948107
SO_36935,181.53757752779242
SO_36940,189.05520152203334
SO_36943,90.42327825847416
SO_36947,189.05520152203334
SO_36957,85.46237345779834
SO_3696,185.40761423065376
SO_36960,489.93851642664737
SO_36961,461.85041694880465
SO_36966,81.65641940444122
SO_3697,405.88
SO_3700,87.01161997303923
SO_37008,182.10758946584477
SO_37013,300.73529588686824
SO_37022,193.70005219790735
SO_37028,514.8057832647901
SO_37057,188.74
SO_37058,182.10758946584477
SO_37060,494.43534808477557
SO_37088,405.88
SO_37093,227.49976286762973
SO_37148,88.81400111502953
SO_37150,44.40700055751476
SO_37151,450.2870005575148
SO_37155,473.51073687456653
SO_37190,287.6748885388697
SO_37198,588.1494331198743
SO_3721,87.81071527490211
SO_37215,269.2475620435674
SO_37218,121.20332894820703
SO_37229,509.07
SO_37245,150.18913618043325
SO_37264,66.48294740415585
SO_37266,89.61027842526255
SO_3727,46.49208083460977
SO_37277,162.00859006025766
SO_3728,278.6232013948718
SO_37286,408.70330587122555
SO_37296,44.805139212631275
SO_37308,239.7994146056958
SO_37313,778.9854164373904
SO_37335,149.05197358641092
SO_37346,45.59502766220003
SO_3735,92.87440046495725
SO_37350,121.31995630393983
SO_37365,503.34959474569115
SO_3737,157.81782872667887
SO_37377,508.45278667745276
SO_37387,925.5983789827644
SO_37388,285.78959474569115
SO_3739,278.6232013948718
SO_37392,101.91523435637578
SO_37403,734.7274700831101
SO_37405,500.0681223552748
SO_37409,194.02538858072052
SO_3742,373.4393969532186
SO_37420,183.14151298998053
SO_37423,155.39
SO_37428,345.92
SO_37429,376.48
SO_37434,472.1417667673096
SO_37442,165.59335589714905
SO_37459,86.77
SO_3746,46.49208083460977
SO_37460,331.1867117942981
SO_37466,938.34
SO_3747,476.263878676793
SO_37474,345.92
SO_37484,101.91523435637578
SO_37506,74.28693827028157
SO_37507,302.0258017909315
SO_3751,476.263878676793
SO_37539,1131.6097208239269
SO_37543,48.05031654221109
SO_37554,588.3073843699426
SO_37568,918.8983137313066
SO_37577,86.77
SO_3758,136.455662845138
SO_37582,108.78
SO_3759,176.51950406702545
SO_37593,289.8647920899453
SO_37620,84.03680610997696
SO_37642,299.63241802770824
SO_37645,703.6512474425529
SO_37653,390.4920132811435
SO_37658,142.16233232574953
SO_37661,380.52409032764194
SO_37664,168.07361221995393
SO_37679,192.22
SO_37701,201.47466740378292
SO_3771,264.7792561005382
SO_37726,384.3097240485986
SO_37733,871.5514952408275
SO_37734,263.92490809506734
SO_37741,48.850482581999735
SO_37756,195.74131598530963
SO_37766,217.22284729905363
SO_37793,325.83427094858047
SO_37797,1087.318003576075
SO_37806,393.1642264592472
SO_37813,162.52304415324386
SO_37822,177.87637036191947
SO_37829,175.60422645924714
SO_37833,128.47276182769318
SO_37837,207.11552365538637
SO_37859,114.7908002428726
SO_3786,86.77
SO_37860,188.24
SO_37861,1162.4053587554827
SO_37866,177.87637036191947
SO_37880,192.22
SO_37882,48.641150061104476
SO_37910,377.12820935429954
SO_37918,310.12539285316825
SO_37921,179.4040649455077
SO_37931,106.0831290292482
SO_37933,159.16176482329877
SO_37934,177.58265477005952
SO_37955,399.97288926916826
SO_37960,45.80674913625637
SO_37963,587.6383263855294
SO_37969,83.8899034539867
SO_37971,272.02857358643854
SO_37973,83.8899034539867
SO_37974,61.451261080979926
SO_37976,173.49985709464232
SO_37978,693.9994283785693
SO_37979,293.8191631927647
SO_37982,83.8899034539867
SO_37984,857.3871144591526
SO_37989,177.30495584738856
SO_38015,692.1115644318445
SO_38019,189.3459251464496
SO_38029,129.69665259024308
SO_38035,798.4249241488908
SO_38045,196.76418314784897
SO_38049,196.76418314784897
SO_38055,118.44620346005267
SO_3806,84.95694366902721
SO_38072,171.4250444441576
SO_38075,393.52836629569794
SO_38080,172.12641357220053
SO_38085,118.44620346005267
SO_3810,321.8780087160688
SO_38101,510.41965461853766
SO_38110,341.1526824071034
SO_38128,233.64341616285702
SO_38129,1596.710490620696
SO_38133,297.3927602464696
SO_38146,1078.3909443735417
SO_38148,297.3927602464696
SO_38158,108.29493092899153
SO_38185,426.44085300887923
SO_38186,811.3753823509223
SO_38192,326.34000000000003
SO_38195,383.2614790622199
SO_382,163.9082612373266
SO_38211,134.3542502393174
SO_38215,134.3542502393174
SO_38220,90.43444115662682
SO_38231,328.0739086489242
SO_3824,166.57824592417498
SO_38253,432.4534479676679
SO_38258,830.2259162488795
SO_38266,1190.948874373319
SO_38268,312.33672398383396
SO_38281,290.56108914498424
SO_38286,179.59
SO_38287,561.698079333717
SO_38309,410.7838056718788
SO_38311,44.64520774971634
SO_38312,516.6958205408588
SO_38315,393.25704056295393
SO_38333,470.5430621885704
SO_38345,563.5954131810436
SO_38348,328.43570046158567
SO_38351,85.86754518390582
SO_38355,598.6489433988934
SO_38360,290.56108914498424
SO_38367,577.8364134781566
SO_38373,82.53644987548209
SO_38375,722.3823197339716
SO_38384,295.2263470761699
SO_38391,423.45433051788535
SO_3841,298.2561002882588
SO_3843,195.81007923937844
SO_38439,339.3926357429921
SO_38443,328.5742793497143
SO_38445,213.73102288825078
SO_38451,149.50793624193426
SO_38458,824.4858728385216
SO_38463,679.2418988040903
SO_38466,80.08305023596901
SO_38468,86.77
SO_38480,161.36840881370745
SO_38482,91.78884227394009
SO_38488,205.82395132529956
SO_38490,164.92255014403037
SO_38523,205.82395132529956
SO_38524,188.24
SO_38525,192.1099743804802
SO_38528,299.0158724838685
SO_3853,353.31796879548625
SO_38530,160.16610047193802
SO_38535,345.92
SO_38543,135.44
SO_38549,45.894421136970045
SO_3856,997.2143219136566
SO_38568,86.77
SO_38571,141.43455742758746
SO_38577,293.60090516324897
SO_38582,183.01771691447408
SO_38583,587.2018103264979
SO_38588,336.03927050799524
SO_38589,149.62188264381257
SO_38590,720.94638296176
SO_38600,522.9844203193024
SO_3861,88.32949219887156
SO_38627,412.26668629045946
SO_38635,133.9148524758625
SO_38636,86.77
SO_38639,341.6300850476706
SO_38640,67.95349452572742
SO_38646,389.3810948618386
SO_38652,447.05195495118977
SO_38655,104.9337664463716
SO_38669,183.6696465758546
SO_38683,72.6875990734841
SO_38684,113.56545918082172
SO_38697,91.8348232879273
SO_38700,475.8494675016508
SO_38702,664.5794669622335
SO_38704,453.9552276630669
SO_38709,737.6853614027248
SO_38723,90.36091179424791
SO_38753,86.51069829054362
SO_38754,419.7350657854864
SO_38759,94.12
SO_38767,208.97868187931462
SO_38768,293.63541483663363
SO_38774,160.71436150808265
SO_38780,173.54
SO_38786,880.906244509901
SO_38821,189.14607389697633
SO_38827,135.76410049457934
SO_38829,587.2708296732673
SO_38844,94.12
SO_3886,1064.5668996874087
SO_38860,90.03826756359916
SO_38868,752.2969947298913
SO_38873,90.03826756359916
SO_38877,45.01913378179958
SO_38889,903.6417725267399
SO_38896,110.95540305782242
SO_38904,144.21172627866835
SO_38906,166.30529437556143
SO_38908,484.21098697031596
SO_38926,454.71379971582206
SO_38928,110.95540305782242
SO_38933,399.3914361625982
SO_38936,175.90613860025593
SO_3895,346.99286150565086
SO_38951,599.0871542438972
SO_38963,264.54739052417347
SO_38964,176.08376706999002
SO_38966,62.73300347280146
SO_38976,167.15048112408905
SO_38981,496.85254916778473
SO_38984,189.79328359706452
SO_38985,189.79328359706452
SO_38990,169.6507487256412
SO_3900,346.0919912637577
SO_39003,372.65406845176136
SO_39004,94.89664179853226
SO_39005,49.132205697050665
SO_39013,186.32703422588068
SO_39023,192.22
SO_39028,192.22
SO_39042,117.51023860977466
SO_39045,94.89664179853226
SO_39046,94.89664179853226
SO_3905,346.0919912637577
SO_39053,848.2537436282059
SO_39055,186.13258358639087
SO_3906,371.7673462381991
SO_39065,213.09147402239014
SO_39067,46.02928504351101
SO_3907,637.8744782978804
SO_39072,46.02928504351101
SO_39081,303.67156098292327
SO_39085,595.5328118950604
SO_39092,372.26516717278173
SO_39107,169.34986385028003
SO_39109,363.3105168162737
SO_39114,46.02928504351101
SO_39124,312.026010890986
SO_39126,455.5073414743849
SO_39134,169.34986385028003
SO_39136,292.6783205975859
SO_39157,83.26663834899362
SO_39165,168.21776959932689
SO_39166,83.26663834899362
SO_39168,301.10459451337016
SO_3917,354.13977416322797
SO_39170,201.68463269084083
SO_3918,173.04599563187884
SO_39187,99.41996182252932
SO_39193,99.41996182252932
SO_39205,906.2060266445328
SO_39208,201.68463269084083
SO_39213,605.0538980725224
SO_39216,332.2862207201134
SO_39217,298.259885467588
SO_39219,47.259700261474585
SO_39226,77.04
SO_39240,85.0574664875032
SO_39241,151.4011284146509
SO_39250,76.56054449090077
SO_39257,84.3143405936837
SO_39258,345.92
SO_39264,96.702705982962
SO_39265,392.4379989346922
SO_39297,353.4348366186649
SO_39304,794.8430786742058
SO_39321,84.3143405936837
SO_39329,538.14
SO_39334,149.5588793265321
SO_39335,110.15819684602756
SO_39337,46.90874288024382
SO_3934,599.7926730009725
SO_39342,106.23970521348188
SO_39346,335.726044106028
SO_39349,511.8627802805621
SO_39355,86.77
SO_39370,158.28688223536074
SO_39371,224.33831898979813
SO_39398,86.77
SO_39399,236.09777482233366
SO_39404,511.8627802805621
SO_39407,453.9649534421814
SO_39409,93.81748576048764
SO_39423,92.31574632486502
SO_3943,723.1723065886331
SO_39438,662.4761687018488
SO_39447,46.15787316243251
SO_39454,420.4323080829762
SO_39456,88.15560652922741
SO_39459,176.31121305845483
SO_39464,316.04265547746246
SO_39471,79.05188555162268
SO_39472,157.62570713532702
SO_39480,202.8723080829762
SO_39484,88.15560652922741
SO_39491,176.31121305845483
SO_39499,637.9923080829763
SO_3950,375.4337411176417
SO_39503,108.78
SO_39510,606.5797465973056
SO_39517,94.12
SO_39521,138.1645579314145
SO_39534,160.74106393284816
SO_39541,334.75988080528003
SO_39553,475.5068457960116
SO_39556,801.939024655214
SO_39557,99.40502642913545
SO_39560,292.1434228980058
SO_39569,1243.157114490029
SO_39571,543.9
SO_3958,88.9961701404525
SO_3959,266.98851042135755
SO_39594,45.54370216981004
SO_39623,45.54370216981004
SO_39635,202.94
SO_39640,526.8517037525821
SO_39644,173.54
SO_39668,121.89247390258753
SO_39673,174.29121614705147
SO_39678,121.89247390258753
SO_39694,180.56067526725423
SO_39696,49.83
SO_39713,196.4601933887526
SO_39716,437.30577950055016
SO_39721,89.0079723444545
SO_39723,624.2855398556458
SO_39725,2459.2402773233102
SO_39726,803.0289803657688
SO_39727,80.90067526725421
SO_39734,174.0989891705281
SO_39736,513.0463830676096
SO_39747,348.1979783410562
SO_39757,1319.3785235683818
SO_39758,865.3502366952563
SO_39768,329.6968094531066
SO_39769,338.9473938970814
SO_39770,119.65181246215433
SO_3978,593.5321702039412
SO_39780,80.90067526725421
SO_39784,149.49
SO_39788,478.6072498486173
SO_39798,158.13713679086064
SO_39807,168.90493292916776
SO_39815,182.4611811661888
SO_39817,169.04351498376033
SO_39818,103.07796350021466
SO_3982,658.5713240499915
SO_39821,308.1555905830944
SO_3983,365.3751723183316
SO_39832,259.1998594320111
SO_39833,627.1381570238195
SO_39844,907.1564434876939
SO_39850,103.07796350021466
SO_39852,345.92
SO_39854,66.46626655141092
SO_39857,160.64905535295395
SO_39870,341.26499764919515
SO_39872,344.7201294400548
SO_39887,260.31
SO_39891,281.2181570238196
SO_39914,500.4540022109828
SO_39929,676.2133849775003
SO_39931,106.36
SO_39935,94.12
SO_39952,866.0530127383228
SO_39953,131.26469138325874
SO_39969,188.24
SO_39974,185.8898477529744
SO_39986,298.00778630960514
SO_39992,298.00778630960514
SO_40000,298.00778630960514
SO_40004,188.24
SO_40012,101.60857719447762
SO_40015,85.81410036273556
SO_40025,684.0896604955667
SO_40033,338.83251121715875
SO_40049,503.00529019752247
SO_40057,85.81410036273556
SO_40068,69.47628970731276
SO_40069,138.95257941462552
SO_40077,401.39671300304485
SO_40093,867.6215315275346
SO_40096,200.69835650152243
SO_40106,602.0950695045673
SO_40118,188.74
SO_40119,147.28419974129298
SO_40127,171.50337666308735
SO_40129,197.36564405252318
SO_40135,430.5063481814638
SO_4015,357.06512306577895
SO_40157,929.6221981468852
SO_40160,174.61818419043638
SO_40167,91.58847749048034
SO_40171,107.62658704536595
SO_40173,95.86970650544458
SO_40177,107.62658704536595
SO_4018,904.5186029526376
SO_40180,631.9960608788969
SO_40186,143.80455975816687
SO_40189,1223.173224821628
SO_4019,170.82
SO_40193,197.36564405252318
SO_40194,230.57455975816686
SO_40200,293.551026674743
SO_40207,91.58847749048034
SO_40213,134.70485325272227
SO_40222,274.76543247144104
SO_40226,911.6194552167958
SO_40227,107.62658704536595
SO_40233,344.81225007077234
SO_40236,114.42305773011608
SO_40250,487.91795681423605
SO_40277,42.69602532789757
SO_40284,192.30070034422528
SO_40286,162.39309553865775
SO_40294,79.92815205145594
SO_40303,114.42305773011608
SO_40307,997.1177988824243
SO_40310,498.999287412844
SO_40318,344.81225007077234
SO_40325,79.18750679112024
SO_40326,159.85630410291188
SO_40329,201.07103891013804
SO_40335,152.22752198948263
SO_40338,207.27558277481296
SO_4034,752.9498695481949
SO_40340,1379.2490002830893
SO_40342,237.5625203733607
SO_40344,456.6825659684479
SO_40347,235.53639805219564
SO_40354,338.1400427309717
SO_40362,95.455402837452
SO_40365,79.18750679112024
SO_40368,80.56274787984064
SO_40377,169.10509468136112
SO_40381,412.59789758150816
SO_40382,309.44842318613115
SO_40414,299.96094568274304
SO_4042,202.94
SO_40425,196.2925073040556
SO_40435,148.39555577324938
SO_40436,397.9355957773317
SO_40439,890.0121047562318
SO_40460,84.55254734068056
SO_40464,375.72651261095024
SO_40469,1035.8969788596871
SO_40476,364.36325630547515
SO_40484,196.6577607103711
SO_40494,397.0605533507369
SO_40499,46.4502416016044
SO_40504,139.3507248048132
SO_4051,514.2228703970363
SO_40510,512.506852100811
SO_40511,185.8009664064176
SO_40517,913.9647359612927
SO_40528,380.0832563054751
SO_40534,93.93162815273756
SO_40558,240.1405319261658
SO_40559,176.5
SO_40561,505.90847163776556
SO_40570,155.39
SO_40576,131.24433562684166
SO_40584,81.8812015997219
SO_40595,81.8812015997219
SO_40598,297.45181462137054
SO_40599,49.363134027119756
SO_40601,245.51523336587564
SO_40603,342.813588073098
SO_40610,174.17743086050947
SO_4062,982.2250034659606
SO_40620,297.45181462137054
SO_40625,875.4524603197274
SO_40626,497.02287400544594
SO_40627,42.04255393349137
SO_40628,93.1796256764697
SO_40629,289.7674104357286
SO_40633,185.36095346702305
SO_40643,131.24433562684166
SO_40644,185.36095346702305
SO_40648,598.7131781522262
SO_40662,348.35486172101895
SO_40670,399.14211876815085
SO_40674,195.76151047459018
SO_40676,696.5939333895212
SO_40683,291.8174867732425
SO_40687,108.78
SO_40689,574.4788982710555
SO_40692,217.56
SO_40698,185.969783546861
SO_407,47.02627221473614
SO_40707,1642.1816947443788
SO_40719,80.33705203148887
SO_40733,327.9553594300479
SO_40771,110.12008567472904
SO_40773,301.56165001521583
SO_40781,81.29693229521608
SO_40788,173.44731744790903
SO_40794,126.24519191597228
SO_40802,158.08613276807108
SO_40803,362.8475354473433
SO_40815,94.40425106387349
SO_40829,202.12624948930437
SO_40830,94.12
SO_40834,79.04306638403554
SO_4084,92.68465476278124
SO_40845,316.6541967400666
SO_40854,508.8741967400666
SO_40855,67.98617330743984
SO_40876,1071.1340482477842
SO_40893,878.3143467957577
SO_40898,265.26008990854433
SO_40900,90.33897742023011
SO_40902,192.81970145202652
SO_40909,392.723196411812
SO_40924,338.6245837661442
SO_40926,451.84149675678776
SO_4093,135.12745916668698
SO_40932,169.3122918830721
SO_40935,220.75751578876933
SO_40936,1298.9753575443128
SO_40941,169.25076341091216
SO_40950,792.3315064842365
SO_40954,86.77
SO_40955,182.18394573522724
SO_40961,623.5310683403746
SO_40971,96.53034112423232
SO_40973,201.0913910228455
SO_40978,108.66482278460403
SO_40990,154.5858341504098
SO_40992,170.30403082007632
SO_41,63.089999999999996
SO_41004,232.46329673224463
SO_4101,333.9446722911286
SO_41011,46.505556872435704
SO_41019,776.2244484520693
SO_41029,193.06068224846464
SO_41040,231.8787512256147
SO_41043,123.7984739476406
SO_41047,108.66482278460403
SO_4105,617.9838271960483
SO_41058,99.66
SO_41059,396.23509051105685
SO_41064,307.7336931609211
SO_41079,202.4239441979564
SO_41092,153.86684658046056
SO_41096,82.85218721088768
SO_41103,248.42314675662823
SO_41107,526.8707788937685
SO_41108,202.4239441979564
SO_4111,233.27322020160696
SO_41113,310.78
SO_41126,297.17631788329265
SO_41131,83.64365890787134
SO_41138,960.2968521227084
SO_4114,93.66356356632197
SO_41143,1313.6024378155025
SO_41152,133.47365890787134
SO_41153,82.85218721088768
SO_4116,162.4163788948604
SO_41163,700.9708392531604
SO_41164,345.71990169954677
SO_41173,172.02939192433465
SO_4119,397.22929603669803
SO_41191,43.78729531423513
SO_41203,43.78729531423513
SO_41208,532.8764063304204
SO_41213,647.6622354186691
SO_41214,174.58600098260558
SO_41219,375.7414410885999
SO_4122,93.61429895952047
SO_41221,172.02939192433465
SO_41236,131.3618859427054
SO_41244,189.20125389472832
SO_41245,85.80822643166555
SO_41246,485.14348446513844
SO_41247,307.5180156883316
SO_41253,259.6039825528049
SO_41257,168.09443292273997
SO_41258,87.57459062847026
SO_41261,296.6440249008489
SO_41262,83.3993528993475
SO_41263,167.24863434245205
SO_41267,327.3430364536039
SO_41275,166.798705798695
SO_41282,185.40307601675585
SO_41289,105.94987549484992
SO_4129,501.31918999722797
SO_4130,586.2788041523363
SO_41320,81.33463326514456
SO_41323,176.52872313147753
SO_41333,81.33463326514456
SO_41350,292.8665512286355
SO_41354,880.7374200114655
SO_41362,281.75217114940057
SO_41376,190.64582197472467
SO_41377,180.11098558091953
SO_41379,94.12
SO_41390,388.78872773683815
SO_41396,48.3518247465934
SO_41398,228.46281032751293
SO_41406,94.37
SO_41407,489.86577819710857
SO_41409,91.1063491746759
SO_41414,99.34154714060693
SO_41415,451.1257760620161
SO_41428,101.0770504602704
SO_41429,886.4142429860685
SO_41431,83.40733608773272
SO_41432,516.3732371810281
SO_41440,295.4714143286895
SO_41442,110.60941149772077
SO_41445,1662.951756541607
SO_41455,348.71101791428754
SO_41456,149.93573196297575
SO_41467,108.78
SO_41483,118.911124616237
SO_41487,299.66096541484285
SO_41491,81.96974821472372
SO_41495,110.60941149772077
SO_41499,216.76616675396545
SO_41507,163.93949642944744
SO_41512,255.26765069906162
SO_41514,130.96510367902147
SO_41516,149.93573196297575
SO_41527,299.66096541484285
SO_41529,130.96510367902147
SO_41533,149.93573196297575
SO_41536,181.55940238740413
SO_41540,169.12101791428753
SO_41544,179.9604591433192
SO_41545,343.89995557276666
SO_41557,169.12101791428753
SO_41567,179.59
SO_41571,61.92713759242872
SO_41573,314.42716037297197
SO_41574,82.19833297381518
SO_41577,164.39666594763037
SO_41579,306.5828346839361
SO_41596,106.92719757223303
SO_4160,238.8751517901634
SO_41604,363.7091971778227
SO_4161,126.43220007648137
SO_41614,712.6557765596098
SO_41633,47.79439680555731
SO_41636,334.7573838101933
SO_41637,47.79439680555731
SO_41646,82.19833297381518
SO_41649,106.92719757223303
SO_41655,74.7152268109729
SO_41656,329.2884956248924
SO_41668,91.16378428620438
SO_41672,353.0
SO_41673,871.8950366271173
SO_41680,189.84393277928206
SO_41687,86.77
SO_41688,347.08
SO_4169,148.3344345719922
SO_41693,212.19361386389804
SO_41698,288.27078720981416
SO_41699,411.1167324956365
SO_417,178.88902305640806
SO_41726,27.8012403335605
SO_4173,279.78858145096376
SO_41730,140.62150568466356
SO_41732,565.5551179755887
SO_41735,164.72082217282934
SO_41741,93.82467780282053
SO_4175,94.39803187085
SO_41750,165.8950366271173
SO_41751,276.61393277928204
SO_41753,288.27078720981416
SO_41756,182.17398027786516
SO_41767,393.9140068284196
SO_41771,177.62912777763052
SO_41783,355.25825555526103
SO_41788,1009.0189573465775
SO_4179,150.0145710545652
SO_41796,58.476508349613766
SO_41808,75.61531112272954
SO_41810,188.24
SO_41816,336.5609622655727
SO_41823,671.5493017883224
SO_41826,1167.6253663957477
SO_41845,336.5609622655727
SO_41848,215.36221836837575
SO_41850,75.61531112272954
SO_41852,171.39296667383354
SO_41855,387.34878070120567
SO_41863,151.23062224545907
SO_41866,160.73521301747914
SO_41867,1161.240964167846
SO_41869,123.50413889828154
SO_4187,831.1576901945016
SO_41889,228.37677067614496
SO_41891,93.43062025686642
SO_4190,489.5956710193117
SO_41903,57.30484034115135
SO_41905,262.5768310815264
SO_41914,131.64976356881053
SO_41918,44.87976356881053
SO_41932,978.4400633780756
SO_41935,86.77
SO_41955,179.59
SO_41964,63.744631586653966
SO_41969,87.5256103605088
SO_4197,578.6118782348701
SO_41977,583.2305610442103
SO_41981,86.77
SO_42002,163.0717485971793
SO_42038,166.51993525722807
SO_4204,777.2676198059085
SO_4206,344.03766110699075
SO_42065,202.94
SO_42080,517.6410282285797
SO_42085,47.61278065655472
SO_42101,178.9866011639645
SO_42103,221.05535851553248
SO_42104,86.77
SO_42105,164.47255829712805
SO_42107,164.47255829712805
SO_42126,321.4358883231616
SO_42128,466.1138337029414
SO_42139,168.05761987876912
SO_42141,134.3827806565547
SO_4216,276.6579573915214
SO_42163,401.7397135892187
SO_42172,309.1566497819193
SO_4218,197.29505512410853
SO_42182,163.64785967670133
SO_42189,163.31952640461824
SO_42209,86.92608263073777
SO_4222,603.8294596299847
SO_42224,81.65976320230912
SO_42231,163.64785967670133
SO_42252,521.4990556517487
SO_42253,154.57832489095966
SO_42262,299.8475917690786
SO_42263,45.478666980765055
SO_42264,777.330248008275
SO_42265,81.65976320230912
SO_42271,86.92608263073777
SO_42274,109.791327498752
SO_4228,104.61967469088384
SO_42290,104.05170262781253
SO_42299,1339.7042124107904
SO_42300,491.7522767162854
SO_42306,96.01800697109245
SO_42310,656.1870076693015
SO_42312,387.6098118688947
SO_42319,291.507725735789
SO_42321,184.44755163934022
SO_42322,400.91637886108253
SO_42332,491.7522767162854
SO_42336,312.8535686353217
SO_42339,183.1471187287752
SO_4234,615.7737538876439
SO_42340,159.10783942868278
SO_42343,184.44755163934022
SO_42345,93.87357139801534
SO_42349,164.43473095301601
SO_42354,344.6063963217542
SO_42358,833.8843007711205
SO_42367,964.0648680272876
SO_42375,91.5735593643876
SO_42376,79.55391971434139
SO_42396,424.1241952472491
SO_4240,85.28836371313548
SO_42400,255.37362391207887
SO_42420,340.37138237860194
SO_42421,151.5971777687025
SO_42426,151.5971777687025
SO_42427,113.90024382915743
SO_42432,113.90024382915743
SO_42434,310.22395141809164
SO_42435,1074.7195290439427
SO_42436,167.14276131652463
SO_42437,85.1245413040263
SO_42445,61.50494868162051
SO_42446,480.4096426073926
SO_42453,170.4844745023006
SO_4246,104.61967469088384
SO_42463,49.83
SO_42466,303.194355537405
SO_42475,640.3370382539574
SO_42482,620.4479028361833
SO_42485,141.2682422523479
SO_42486,49.83
SO_42499,86.77
SO_42503,135.62560776241406
SO_42505,303.5118516158869
SO_42507,177.35908894550016
SO_42520,321.61051488473186
SO_42526,199.1000738783721
SO_42535,354.7181778910003
SO_42543,26.344514592245645
SO_4255,120.7551717392385
SO_42561,173.54
SO_42562,135.62560776241406
SO_42582,256.47748643459875
SO_42588,201.5993848603966
SO_42589,337.05878262770034
SO_426,60.88389446514588
SO_42612,172.26262628109302
SO_42624,131.70374646676612
SO_42650,342.40816463341935
SO_42658,137.6190697011515
SO_42662,101.44340647641226
SO_42673,96.01701422618966
SO_42676,328.2378211609768
SO_42685,274.5070691264519
SO_42695,96.5600391512258
SO_42698,674.5839403589364
SO_42700,691.84
SO_42708,160.98804449892324
SO_42710,470.1647864394705
SO_42714,108.78
SO_42718,792.5996277494382
SO_42725,91.50235637548396
SO_42726,366.0094255019358
SO_42727,457.51178187741976
SO_42737,498.47132948314356
SO_42740,657.1596277494382
SO_42742,308.3475798714684
SO_42747,117.54119660986763
SO_42750,321.9760889978465
SO_42762,352.6078513610899
SO_42768,175.08534486912018
SO_42785,1219.4152425555362
SO_42786,329.99730370734574
SO_42809,326.34000000000003
SO_42810,137.27184894567156
SO_42815,89.36729857901359
SO_42841,753.4051455333215
SO_42846,137.27184894567156
SO_42854,83.11489314565796
SO_42857,208.5463862995419
SO_42860,176.5
SO_42862,264.8936856248774
SO_42870,66.22342140621934
SO_42876,126.51496037189224
SO_42878,347.26604027807934
SO_42881,284.28364537993485
SO_42882,81.12319172284838
SO_4289,202.94
SO_42899,92.14365857033428
SO_42901,82.03142592764964
SO_42909,309.25591058648945
SO_42932,90.45738528112653
SO_42940,176.5
SO_42943,170.76604027807932
SO_42946,309.25591058648945
SO_4295,238.1772401751902
SO_42953,180.91477056225307
SO_42956,202.94
SO_42957,237.353379399481
SO_42963,126.51496037189224
SO_42968,876.7660402780793
SO_42970,958.8860402780793
SO_42977,214.57379505557623
SO_4298,311.0276397714067
SO_42980,631.5496856580141
SO_42985,163.61276392125245
SO_42998,167.76908936056728
SO_43000,734.6391361337767
SO_43003,64.1632807577372
SO_43006,99.67434832312753
SO_43013,890.7455228227386
SO_43023,421.1495055683873
SO_43029,115.07501578461446
SO_43039,89.61297193137146
SO_43040,126.41047384863016
SO_43044,80.64598037206115
SO_43048,64.1632807577372
SO_43055,406.88243869984905
SO_43068,167.76908936056728
SO_43080,91.52898695313803
SO_43086,72.09003408982969
SO_43101,238.05451495641032
SO_43111,757.2518318245795
SO_43115,317.0906942712903
SO_43116,265.90972746860416
SO_43131,634.1813885425806
SO_4314,160.9972182725801
SO_43146,300.9796653821691
SO_43156,83.71412488366339
SO_43158,83.71412488366339
SO_4316,229.35541599678564
SO_43162,158.39190679583646
SO_43166,144.4020965364982
SO_43172,280.00255387724013
SO_43184,147.85994303726383
SO_43207,250.327040470475
SO_43223,522.5538135916729
SO_43226,601.4434245289375
SO_43227,71.82753320771126
SO_43251,400.38823581048086
SO_4326,605.7969620711714
SO_43266,972.977361215391
SO_43267,405.88
SO_43269,815.9314870060758
SO_43279,156.11202247949004
SO_43290,485.3
SO_43314,888.4956440069652
SO_43324,337.11792837631407
SO_43327,121.90322506322937
SO_43328,78.05601123974502
SO_43329,165.89911790524042
SO_43349,77.04
SO_43351,566.3652924897136
SO_43353,49.194559607622395
SO_43360,167.8075963982147
SO_43366,780.4478957154012
SO_43375,146.0647486901398
SO_43379,490.3134094337088
SO_43400,828.9545654598423
SO_43405,369.75
SO_43406,311.09594271456984
SO_43407,377.57686165980914
SO_43408,77.04
SO_43411,987.7975867925916
SO_43412,167.8075963982147
SO_43413,582.1019976882908
SO_43419,796.3040263310058
SO_43439,66.62366563731247
SO_43441,162.99637265340746
SO_43444,185.39494217029142
SO_43455,429.6257838394093
SO_43480,377.8333261317954
SO_43487,165.00695347838794
SO_43491,176.5
SO_43498,202.94
SO_43517,236.34512985571823
SO_43518,253.12578383940928
SO_43524,97.73578383940928
SO_43535,183.47738327133717
SO_43537,91.3496135709516
SO_43544,202.94
SO_43549,48.03821912521448
SO_43559,616.823889364961
SO_4356,160.9972182725801
SO_43562,122.69764602809916
SO_43568,390.271763338424
SO_43569,463.6075393176509
SO_43575,121.37399510444135
SO_43595,101.24774275819902
SO_43608,868.755610419917
SO_43612,584.9815344220922
SO_43617,25.067380891843687
SO_43622,169.0490055323172
SO_43627,607.9309710327962
SO_43628,507.127742758199
SO_43634,79.84404496503551
SO_43642,137.0404419316196
SO_43646,89.60075346486808
SO_43647,331.6966930218209
SO_43655,568.844478323633
SO_43661,119.6649992885707
SO_43662,355.7831423985951
SO_43687,42.96424090940686
SO_43690,165.82785836228481
SO_43699,663.3933860436418
SO_43704,249.98349779713283
SO_43713,510.74168480397793
SO_43714,29.53
SO_43720,217.56
SO_43722,74.94893677304694
SO_43738,80.1886474376149
SO_4374,229.35541599678564
SO_43755,348.5223563683929
SO_43758,584.4615499860683
SO_43759,639.4233379227502
SO_43764,218.93819916730567
SO_43767,176.119798464423
SO_43768,98.25208904252678
SO_43769,411.15819916730567
SO_43771,166.14357470913882
SO_43776,68.25357470913882
SO_43778,580.9950577595948
SO_43780,80.1886474376149
SO_43808,42.1713293358792
SO_43815,392.24154998606843
SO_43818,164.69364925008912
SO_43825,264.1796976966345
SO_43827,409.3759648816217
SO_43835,88.0598992322115
SO_43839,212.79375595752285
SO_43841,314.5799767734941
SO_43848,109.46909958365283
SO_43855,584.4615499860685
SO_43856,290.68478034496576
SO_43857,240.56594231284475
SO_43869,166.98657403934044
SO_43875,417.4664350983511
SO_43883,230.6496097702917
SO_43884,608.6837273465671
SO_43901,90.61846867974484
SO_43909,1383.68
SO_43925,181.23693735948967
SO_43937,202.94
SO_43949,201.91453444349787
SO_43961,207.9433155252476
SO_43968,360.8998405664987
SO_4397,595.4059027901906
SO_43979,128.98117213254636
SO_43981,84.80478432476049
SO_43984,105.49061154866891
SO_43985,125.82387160455612
SO_43986,344.79961540046565
SO_43987,438.5366345837967
SO_43989,86.60146576623276
SO_43999,183.9526626574651
SO_44012,86.60146576623276
SO_44013,125.82387160455612
SO_44017,650.8170779957206
SO_44023,183.9526626574651
SO_4403,656.8424732918975
SO_44036,348.9272554220069
SO_44038,291.6633571901125
SO_4404,27.538887800685362
SO_44042,174.46362771100345
SO_44044,82.52313872143974
SO_4405,99.915665201094
SO_44050,186.1727456414436
SO_44053,372.3454912828872
SO_4406,221.94110467899546
SO_44061,90.6489401103177
SO_44069,108.78
SO_44100,108.78
SO_44102,141.280864224885
SO_44111,318.7366840335876
SO_44112,165.06359623526433
SO_44124,165.06359623526433
SO_44129,318.590302081623
SO_44131,212.1572176435593
SO_44144,43.93109969927644
SO_44149,427.54008368538524
SO_44151,233.35037943672165
SO_44163,895.5493315703006
SO_44166,1236.68923293094
SO_44168,87.86219939855287
SO_44171,319.5480116171669
SO_44172,958.6440348515006
SO_44174,43.93109969927644
SO_44179,43.93109969927644
SO_44184,489.60113762838813
SO_44185,156.00520097954296
SO_44186,315.8134552203933
SO_44189,577.2415304857016
SO_44199,87.86219939855287
SO_44206,278.0451980794396
SO_44207,474.93801161716686
SO_44209,170.05312601122125
SO_44220,107.99207206821835
SO_44222,466.16999999999996
SO_44224,86.77
SO_44238,347.08
SO_44239,131.79329909782933
SO_44240,471.18306233249336
SO_44241,639.0960232343338
SO_44242,43.93109969927644
SO_44245,93.59256667819346
SO_44250,1278.1920464686675
SO_44251,156.00520097954296
SO_44252,107.99207206821835
SO_44263,187.68137686358594
SO_44264,86.77
SO_44265,47.099642556519576
SO_44276,192.22
SO_4428,86.77
SO_44287,343.95920526832583
SO_44294,89.88912149684921
SO_44302,82.50956504692846
SO_44305,927.2506495767545
SO_44309,123.25
SO_44310,104.53769101794094
SO_4433,111.25353304114144
SO_44333,732.3196425565195
SO_44337,85.98980131708146
SO_4434,63.16231516417925
SO_44345,501.30354985891813
SO_44351,192.22
SO_44365,240.40715972021079
SO_44370,401.343798009362
SO_4440,116.4748460272719
SO_44418,742.4736267650276
SO_44427,179.65617163377175
SO_44429,407.5536103314884
SO_4443,576.66
SO_44437,118.83862099659953
SO_44451,27.688008472548695
SO_44454,341.74210268528816
SO_44455,80.86484253487748
SO_44457,170.87105134264408
SO_4446,476.3646967822457
SO_44477,353.0
SO_44482,76.6035007258313
SO_44484,105.30008915422242
SO_44486,88.46326541204874
SO_44487,176.5
SO_44490,265.3897962361462
SO_44497,164.05948759282927
SO_44503,176.92653082409748
SO_44509,1050.2141109101512
SO_4451,209.38465850931195
SO_44514,294.84809803905534
SO_44516,76.6035007258313
SO_44517,53.18
SO_44539,332.72851986945625
SO_44547,108.82203112485556
SO_44555,503.61191768471224
SO_44559,62.68485603593679
SO_44562,108.82203112485556
SO_44570,194.63973422468206
SO_44587,558.3487525812166
SO_44588,266.3781483618576
SO_44592,105.59331015157099
SO_44593,913.8078417544248
SO_44598,744.4650034416221
SO_44616,311.9611393257923
SO_44618,291.2491674233767
SO_44619,527.7733132292649
SO_44620,354.6588916259793
SO_44630,355.61672790322785
SO_44643,115.07725699485061
SO_44658,115.07725699485061
SO_44665,212.65798391142906
SO_44689,94.1041833556717
SO_44691,469.17
SO_44714,526.6079772860514
SO_44715,166.6476717424109
SO_44737,76.02338724411203
SO_44746,228.0701617323361
SO_44754,1053.2159545721029
SO_44771,90.48988906501717
SO_44772,45.24494453250858
SO_44779,180.68797728605148
SO_44784,311.49772190025226
SO_44786,572.994173650781
SO_4479,292.42232185610703
SO_44803,72.10073489635462
SO_44811,98.8861132430666
SO_44819,287.3981535716973
SO_4483,231.12
SO_44838,533.8909958132014
SO_44839,192.22
SO_44846,188.5120403286307
SO_44853,164.73826759993136
SO_44861,63.64414669123092
SO_44870,156.86691515593995
SO_44875,311.49772190025226
SO_44880,321.6051827558713
SO_44882,164.73826759993136
SO_44884,295.14580595529054
SO_44885,295.14580595529054
SO_44889,491.8801077612678
SO_44893,46.59563245191617
SO_4490,88.8803628179349
SO_44904,93.19126490383233
SO_44905,339.55101460183823
SO_44908,102.71930076782624
SO_44913,67.16070461002133
SO_44933,234.55837991697922
SO_4494,116.4748460272719
SO_44941,186.1163194067944
SO_44973,152.44486045201427
SO_44978,484.775686028287
SO_4498,667.8823070590092
SO_44981,447.3421669629517
SO_44983,1030.3546438710093
SO_44985,1127.1851396760512
SO_44994,152.52914758917765
SO_44996,185.20359234332682
SO_45000,168.4496389825311
SO_45008,85.54359234332681
SO_45012,369.75
SO_45013,85.54359234332681
SO_45019,235.0335923433268
SO_45023,171.08718468665361
SO_45051,170.82
SO_45058,185.20359234332682
SO_45064,85.54359234332681
SO_45083,78.7084535676436
SO_4510,510.9704199178092
SO_45105,358.22430216815894
SO_45110,126.91522349461675
SO_45112,708.0409878311086
SO_45116,48.206769926973145
SO_45117,170.96960020945608
SO_45118,64.57733222721178
SO_45124,96.41353985394629
SO_45129,196.94281486117646
SO_45132,157.4169071352872
SO_45149,86.53839122093189
SO_45150,163.42910272512475
SO_45151,181.4424012530859
SO_45158,1088.9770540634543
SO_45159,74.02396439717586
SO_45162,318.87713549218756
SO_45163,326.6325650875383
SO_45168,318.87713549218756
SO_45171,281.24883962753654
SO_45175,137.15398555883905
SO_45177,174.18765135944818
SO_45184,956.6314064765626
SO_4519,171.36820724084382
SO_45204,234.4007761338217
SO_45205,99.66
SO_45215,88.12218407372909
SO_4522,262.26578157293045
SO_45221,293.67
SO_45223,256.9121961487366
SO_45235,174.18765135944818
SO_45236,99.48521046271769
SO_45238,334.7106587564781
SO_45247,133.11946095874939
SO_45255,322.2673191749716
SO_45271,436.972151723324
SO_45302,85.28453033574449
SO_45304,164.07673999321133
SO_45316,47.8349306230049
SO_45321,284.7279206950701
SO_45331,164.07673999321133
SO_45345,147.80438920612505
SO_45350,207.01554358536148
SO_45395,48.41932107071026
SO_45399,80.05354822570267
SO_45400,80.05354822570267
SO_45401,616.1640594244068
SO_45404,91.65465213923585
SO_45408,452.938983554404
SO_45413,486.04983320448366
SO_45417,114.41977968891808
SO_4542,87.42192719097682
SO_45422,342.8583017657169
SO_45423,224.65683534771745
SO_45426,582.8350387840061
SO_45428,80.05354822570267
SO_45431,89.47268188008567
SO_45438,1571.3771677269337
SO_45448,49.83
SO_45454,233.14613081856373
SO_45487,183.66780379136753
SO_45498,651.5576774721952
SO_45504,447.78070662379105
SO_45527,345.92
SO_45532,93.21869144240493
SO_45555,717.277741419733
SO_4556,194.73423464144872
SO_45563,87.98088780034449
SO_45586,175.96177560068898
SO_45591,93.21869144240493
SO_45604,179.31943535493326
SO_45607,130.55009379865655
SO_45611,61.02862008477076
SO_45623,318.8340700517434
SO_45642,346.0046401571531
SO_45646,622.5332597674362
SO_45651,267.3073767725615
SO_45671,61.02862008477076
SO_45676,318.8340700517434
SO_45689,44.52027215105544
SO_45691,44.52027215105544
SO_45699,70.64802865660161
SO_45701,85.3688237912452
SO_45705,86.76730445371223
SO_45730,123.25
SO_45740,127.58090505606067
SO_45751,49.56037070063863
SO_45753,184.25458588154072
SO_45763,341.4752951649808
SO_45771,169.1828889820881
SO_45782,121.74066395443946
SO_45788,187.93780221118553
SO_45790,147.7515742026453
SO_45791,121.74066395443946
SO_45799,717.5999999999999
SO_45816,336.9297192507473
SO_45818,247.02515661771514
SO_45821,340.2489795858214
SO_45832,350.5774898172866
SO_45835,217.56
SO_45836,88.82322273604443
SO_45837,263.75785214426764
SO_45838,926.6022960591404
SO_45842,132.6611942164954
SO_45848,323.281948684208
SO_45854,187.93780221118553
SO_45857,311.72
SO_45888,160.34114904138957
SO_45897,375.19999812157664
SO_45906,86.62011994478776
SO_45910,116.75612452179318
SO_45913,116.75612452179318
SO_45917,173.24023988957552
SO_45920,320.68229808277914
SO_45931,116.75612452179318
SO_45936,132.53953068495628
SO_45944,172.89210418005018
SO_45948,25.431798072746567
SO_45953,439.4413092304043
SO_45957,143.60634887858632
SO_45958,514.3496601292183
SO_45964,326.60383997266644
SO_45966,468.63544491256204
SO_45978,244.82385207644563
SO_45984,220.95488204980595
SO_45999,821.0013070556205
SO_46019,45.2659208797356
SO_46032,45.2659208797356
SO_46037,386.9133538258917
SO_46038,1374.5402969320003
SO_46048,319.41837609179703
SO_46052,30.66015152255176
SO_46058,789.0825267098666
SO_46060,317.5661505720961
SO_46069,426.2509924503008
SO_4610,399.0533480641478
SO_4611,246.2578900496696
SO_46116,44.91164163468132
SO_46122,259.17481196853834
SO_46124,153.73447642191044
SO_46129,164.58498984149662
SO_4613,80.50795685809001
SO_46131,307.4689528438209
SO_46140,461.2034292657313
SO_4615,82.08596334988987
SO_46158,73.38550466506024
SO_46159,537.1686590466027
SO_46184,73.38550466506024
SO_46198,728.3387021998533
SO_46200,716.1200575376675
SO_46209,81.9454040121087
SO_46213,143.09221035116445
SO_4622,210.1041645231154
SO_46223,343.37201866024094
SO_46234,304.5703491871436
SO_4625,399.0533480641478
SO_46254,361.51969446840644
SO_46262,99.66
SO_46265,85.28033357076183
SO_46267,328.6386944659029
SO_46269,342.10325945333216
SO_4627,203.6886474405885
SO_46273,162.03093375136706
SO_46278,304.5703491871436
SO_46290,85.28033357076183
SO_46292,74.60441405265152
SO_46293,180.3250806728755
SO_46302,76.74635686462396
SO_46314,594.5897247762084
SO_46319,66.78923222528607
SO_4632,790.7148866753311
SO_46348,382.4663833196143
SO_4635,410.42981674944934
SO_46350,230.2390705938719
SO_46352,844.0563047762116
SO_46354,86.77
SO_46358,502.38431817208277
SO_46364,297.2948623881042
SO_46371,159.10757807263343
SO_46374,182.4696488409664
SO_46397,227.0435744649206
SO_4641,391.6615386111833
SO_46415,92.60985117338751
SO_46419,57.96781892544497
SO_46420,327.457353142503
SO_46433,83.78270807340614
SO_46438,694.5067078337382
SO_46439,288.1386083011925
SO_46443,41.89135403670307
SO_46446,74.45415558822621
SO_46450,505.82506017795174
SO_46451,576.277216602385
SO_46452,74.45415558822621
SO_46462,72.84183336182673
SO_46463,478.96962745134704
SO_46465,86.9804745212979
SO_46469,1375.3978553916982
SO_46473,442.4468442348261
SO_46475,74.45415558822621
SO_46476,118.22949123135321
SO_46477,358.3427787663431
SO_46484,231.26498948501484
SO_46487,236.45898246270642
SO_46488,86.9804745212979
SO_46492,79.50437325976405
SO_46522,392.75253925676736
SO_46523,130.80965228727172
SO_46525,98.57507011912413
SO_46529,838.4393836306236
SO_4654,297.4420586848697
SO_46541,323.06268125789313
SO_46546,98.57507011912413
SO_46550,24.643767529781034
SO_46557,116.34550962492929
SO_46558,510.9820304881206
SO_46562,1288.9508483949708
SO_46567,222.84342218692808
SO_4657,203.22257875855618
SO_46570,57.96781892544497
SO_46577,239.48481372567352
SO_46586,118.22949123135321
SO_46591,83.78270807340614
SO_46592,41.89135403670307
SO_46600,74.45415558822621
SO_46601,956.6688748619767
SO_46603,288.1386083011925
SO_46606,74.45415558822621
SO_46612,24.643767529781034
SO_46616,116.34550962492929
SO_46619,358.3427787663431
SO_46620,104.61393095557489
SO_46622,72.84183336182673
SO_46626,215.37512083859542
SO_46628,125.67406211010922
SO_46634,162.35442431254708
SO_46637,799.1206387893131
SO_46644,223.36246676467866
SO_46645,288.1386083011925
SO_46651,104.61393095557489
SO_46653,277.82955352016256
SO_46655,118.22949123135321
SO_46658,118.22949123135321
SO_46665,72.84183336182673
SO_46667,326.6536707947802
SO_46674,288.1386083011925
SO_46678,313.8417928667247
SO_46688,265.2538208013817
SO_46695,288.21695420042215
SO_46697,533.2347388302455
SO_46701,41.89135403670307
SO_46703,236.45898246270642
SO_46704,323.06268125789313
SO_46708,209.22786191114977
SO_46709,505.82506017795174
SO_4671,67.72
SO_46711,548.5901077946152
SO_46713,104.61393095557489
SO_46714,116.34550962492929
SO_46715,453.87233354516485
SO_46717,41.89135403670307
SO_46720,147.48228141160868
SO_46721,265.2538208013817
SO_46724,104.61393095557489
SO_46728,74.45415558822621
SO_4673,128.93382380381018
SO_46733,410.43637886818635
SO_46734,107.68756041929771
SO_46737,146.874962552286
SO_46739,49.28753505956207
SO_46749,881.249775313716
SO_46750,74.45415558822621
SO_46752,41.89135403670307
SO_46756,296.4650316320144
SO_46758,116.34550962492929
SO_46759,185.21970234677502
SO_46763,173.9609490425958
SO_46764,147.48228141160868
SO_46765,533.2347388302455
SO_46771,277.82955352016256
SO_46778,404.4841179261218
SO_46779,294.96456282321736
SO_46791,173.9609490425958
SO_46793,118.22949123135321
SO_46794,822.9234334519906
SO_46795,41.89135403670307
SO_46796,265.844173982805
SO_46798,440.624887656858
SO_4680,706.4673650623655
SO_46800,242.01957173503848
SO_46804,1039.6849232551829
SO_46806,288.1386083011925
SO_46809,811.0642923504081
SO_46812,148.90831117645243
SO_46823,903.6741435237955
SO_46825,183.6418810355542
SO_46827,72.84183336182673
SO_46837,527.6053621781559
SO_46838,288.1386083011925
SO_46840,587.499850209144
SO_46842,354.6884736940596
SO_46844,406.3680995325457
SO_46847,310.34294128597656
SO_46850,260.3486015394451
SO_46853,100.6387914801389
SO_46854,104.61393095557489
SO_46859,118.22949123135321
SO_46860,566.1384845204537
SO_46862,418.45572382229955
SO_46867,24.643767529781034
SO_46870,238.49721270656943
SO_46871,372.2707779411311
SO_46874,1152.55443320477
SO_46876,459.30240464963447
SO_46883,656.0000084954534
SO_46885,116.34550962492929
SO_46887,39.752186629882026
SO_46891,307.1451748380848
SO_46892,72.84183336182673
SO_46895,354.6884736940596
SO_46896,171.6175919295497
SO_4690,300.58736506236556
SO_46900,165.6553793447427
SO_46904,123.21883764890516
SO_46906,1649.9209034171124
SO_46907,83.78270807340614
SO_46908,392.75253925676736
SO_46911,107.68756041929771
SO_46913,223.36246676467866
SO_46918,148.90831117645243
SO_46921,185.21970234677502
SO_46922,74.45415558822621
SO_46927,917.3501300206664
SO_46935,535.88153270593
SO_46937,179.17138938317154
SO_46939,146.874962552286
SO_4694,140.41689319211062
SO_46941,406.3680995325457
SO_46942,74.45415558822621
SO_46943,116.34550962492929
SO_46947,74.45415558822621
SO_46956,74.45415558822621
SO_46957,116.34550962492929
SO_46961,503.5137291397879
SO_46967,297.81662235290486
SO_46968,370.43940469355005
SO_46970,92.60985117338751
SO_46973,179.17138938317154
SO_46983,190.7996652131555
SO_46988,86.9804745212979
SO_46989,185.21970234677502
SO_46993,185.21970234677502
SO_46994,288.1386083011925
SO_46995,288.1386083011925
SO_46997,45.039374796306845
SO_46998,326.6536707947802
SO_47000,288.1386083011925
SO_47001,92.60985117338751
SO_47002,39.752186629882026
SO_47008,185.21970234677502
SO_47010,288.1386083011925
SO_47016,510.9820304881206
SO_47017,277.82955352016256
SO_47018,354.6884736940596
SO_47022,209.22786191114977
SO_47025,603.8814743443502
SO_47026,505.82506017795174
SO_47027,497.3664702123423
SO_47034,92.60985117338751
SO_47036,107.68756041929771
SO_47037,200.12821769833545
SO_47041,618.1685706390881
SO_47051,218.52550008548022
SO_47054,41.89135403670307
SO_47057,245.83346421656546
SO_47059,43.2023388258516
SO_47060,217.38119516149666
SO_47064,43.2023388258516
SO_47066,294.88068354390094
SO_47067,78.87781664990833
SO_47068,245.83346421656546
SO_47069,98.98033564148491
SO_47075,61.969450161155926
SO_47077,137.14286663581711
SO_47078,43.2023388258516
SO_47083,160.94978580264083
SO_47086,382.97633085238255
SO_47089,167.14123914816344
SO_47090,296.74825562571823
SO_47095,294.88068354390094
SO_47102,167.14123914816344
SO_47103,59.22156259505903
SO_47109,589.7613670878019
SO_47110,108.69059758074833
SO_47120,222.3959041413085
SO_47137,86.4046776517032
SO_47138,589.7613670878019
SO_47142,876.6688188917574
SO_47143,181.8825836077929
SO_47145,217.38119516149666
SO_47152,252.8966341418214
SO_47155,632.2415853545534
SO_47158,108.69059758074833
SO_47164,59.22156259505903
SO_47173,43.2023388258516
SO_47177,43.2023388258516
SO_47187,43.2023388258516
SO_47190,98.98033564148491
SO_47196,340.10005436782785
SO_47197,217.38119516149666
SO_47200,148.2639360942057
SO_47202,93.02099629750741
SO_47204,363.7651672155858
SO_47209,507.95437635003793
SO_4721,161.67793787628105
SO_47213,393.8610191853859
SO_47218,108.69059758074833
SO_47228,26.106232291007913
SO_47231,252.8966341418214
SO_47235,299.40713229057513
SO_47236,26.106232291007913
SO_47240,61.969450161155926
SO_47248,43.2023388258516
SO_4725,300.58736506236556
SO_47253,243.85203376894881
SO_47257,123.93890032231185
SO_47270,98.98033564148491
SO_47272,139.53149444626112
SO_47273,61.969450161155926
SO_47276,217.38119516149666
SO_47277,243.85203376894881
SO_47278,43.2023388258516
SO_47284,545.6477508233786
SO_47288,296.94100692445477
SO_4729,315.88255754241817
SO_47294,217.38119516149666
SO_47295,105.17178898700752
SO_47298,43.2023388258516
SO_47299,252.8966341418214
SO_47303,575.7436027931788
SO_47305,118.44312519011805
SO_47307,126.4483170709107
SO_4731,309.13780532810796
SO_47313,43.2023388258516
SO_4732,804.163414431602
SO_47333,86.4046776517032
SO_47336,78.57698061551166
SO_47343,190.56136147377384
SO_47349,151.89293640659992
SO_47351,108.69059758074833
SO_47353,46.510498148753705
SO_47356,43.2023388258516
SO_47360,597.2244500522594
SO_47363,43.2023388258516
SO_47364,434.7623903229933
SO_47376,326.071792742245
SO_47378,43.2023388258516
SO_47382,217.38119516149666
SO_47383,326.071792742245
SO_47385,265.9798115171718
SO_47388,98.98033564148491
SO_47389,157.94452532582855
SO_47390,550.0388643085817
SO_47391,727.5303344311716
SO_47400,108.69059758074833
SO_47403,43.2023388258516
SO_47404,108.69059758074833
SO_47405,294.88068354390094
SO_47406,338.08302236975254
SO_47410,86.4046776517032
SO_47415,688.7417027292868
SO_47419,692.5921797863075
SO_4742,91.20329588524794
SO_47421,217.38119516149666
SO_47422,108.69059758074833
SO_47424,326.071792742245
SO_47428,589.7613670878019
SO_4743,91.20329588524794
SO_47431,46.510498148753705
SO_47433,392.8849030775583
SO_47434,591.8216904683557
SO_47435,181.8825836077929
SO_47436,181.8825836077929
SO_47438,108.69059758074833
SO_47445,217.38119516149666
SO_47448,126.4483170709107
SO_47449,363.7651672155858
SO_47453,217.38119516149666
SO_47457,217.38119516149666
SO_47462,172.95881521966442
SO_47463,108.69059758074833
SO_4747,166.3015147146287
SO_47477,116.01876238121785
SO_4748,296.78752136832827
SO_47494,129.0044928568819
SO_47496,158.76017375133193
SO_47498,89.7732988804594
SO_47506,258.0089857137638
SO_47509,158.76017375133193
SO_4751,41.24963816124268
SO_47510,975.0306330770035
SO_47511,389.76488753027746
SO_47513,135.67756622108215
SO_47517,269.31989664137814
SO_47519,295.0857780655147
SO_47533,204.99228378159714
SO_47534,452.424136164454
SO_47538,476.2805212539958
SO_47544,489.44682036450365
SO_47557,376.6812020582647
SO_47561,130.77175563677883
SO_47565,258.0089857137638
SO_47582,89.7732988804594
SO_47589,1180.3431122620589
SO_4759,273.6098876557438
SO_47591,107.36130541688658
SO_47592,107.36130541688658
SO_47598,40.99845675631943
SO_47599,53.68065270844329
SO_47604,40.99845675631943
SO_47606,81.99691351263886
SO_47607,81.99691351263886
SO_47609,40.99845675631943
SO_47617,40.99845675631943
SO_4762,174.0618436283049
SO_47620,40.99845675631943
SO_47621,122.9953702689583
SO_47623,81.99691351263886
SO_47624,40.99845675631943
SO_47625,158.76017375133193
SO_47626,358.5188042589833
SO_47630,40.99845675631943
SO_47631,40.99845675631943
SO_47634,1475.4288903275735
SO_47637,158.76017375133193
SO_47638,590.1715561310294
SO_47640,122.9953702689583
SO_47642,40.99845675631943
SO_4765,174.0618436283049
SO_47650,289.53192938811077
SO_47654,590.1715561310294
SO_47662,158.76017375133193
SO_47663,590.1715561310294
SO_47669,428.08007039271007
SO_47672,240.7570872639708
SO_47673,40.99845675631943
SO_47675,130.77175563677883
SO_47680,40.99845675631943
SO_47685,428.08007039271007
SO_47690,952.5610425079916
SO_47695,179.5465977609188
SO_47709,179.5465977609188
SO_47722,89.7732988804594
SO_47734,387.01347857064576
SO_47738,129.0044928568819
SO_47740,129.0044928568819
SO_4775,159.58647139284668
SO_47760,398.25555714798674
SO_4779,165.65003367979972
SO_47801,473.92688014508997
SO_47827,1081.4046574120775
SO_47830,329.22519002415163
SO_47843,401.26434140339836
SO_47856,166.865630673866
SO_47858,302.12743802575113
SO_4786,322.7222962979983
SO_47866,239.801507911136
SO_4787,174.0618436283049
SO_4788,96.64
SO_47887,45.50064696597285
SO_47894,145.75291788512683
SO_47897,312.27445497443614
SO_47899,502.68032506699575
SO_47904,45.50064696597285
SO_47907,152.81029491294208
SO_4791,191.49333552085557
SO_47930,507.1121708122948
SO_4794,91.20329588524794
SO_47942,341.9312929340345
SO_4795,309.13780532810796
SO_47957,302.19874046836475
SO_4796,167.0229284718508
SO_47961,160.8782864112738
SO_47973,106.46212637820844
SO_47980,683.862585868069
SO_48002,76.74230380453176
SO_48005,78.96161374664992
SO_48006,395.4849055005675
SO_48007,305.76764213359024
SO_48011,48.48658262198832
SO_48015,172.58590175437251
SO_48031,306.37036814668556
SO_48033,472.0774975372389
SO_48035,563.0176361546214
SO_48036,153.48460760906352
SO_48039,450.0120968161742
SO_48041,63.89573196656049
SO_48046,340.87328721338633
SO_48057,128.15384968602126
SO_48062,305.76764213359024
SO_48064,307.7983713545638
SO_48068,229.92748787787454
SO_48070,242.02801120398576
SO_48075,76.74230380453176
SO_48077,428.32092236313804
SO_48082,172.58590175437251
SO_48098,525.8207057290533
SO_48111,43.234588243660845
SO_48121,645.5110101888101
SO_48126,88.76923089971795
SO_48128,665.1014019740786
SO_48135,169.6995581856506
SO_48140,294.9071420543404
SO_48166,1195.544583024458
SO_48171,297.78392552213677
SO_48175,157.28084962466377
SO_48179,157.28084962466377
SO_48180,158.88527929284297
SO_48189,247.56487511440267
SO_4819,208.64956031714217
SO_48194,36.0897021713442
SO_48207,107.3430939708191
SO_48208,480.97540909778934
SO_48213,71.2533917994749
SO_48215,488.22051917173087
SO_48221,107.3430939708191
SO_48225,71.2533917994749
SO_48227,143.43279614216328
SO_48229,75.21956382836309
SO_48231,652.6367895539486
SO_48240,158.88527929284297
SO_48242,232.9434448138459
SO_48243,501.8751167010671
SO_48247,104.37509032516355
SO_48251,36.0897021713442
SO_48254,127.31639339140989
SO_48255,247.56487511440267
SO_48256,378.4152243400211
SO_48259,72.1794043426884
SO_48260,557.9394093141525
SO_48266,107.3430939708191
SO_48277,315.68473174214455
SO_48287,78.64042481233189
SO_48289,318.6064063422298
SO_48307,242.51126939538545
SO_48315,104.37509032516355
SO_48322,107.3430939708191
SO_48331,157.84236587107227
SO_48332,376.0978191418154
SO_48334,498.66370606301393
SO_48339,71.2921960041337
SO_48349,75.21956382836309
SO_48350,436.8120705281485
SO_48351,36.0897021713442
SO_48352,509.26557356563956
SO_48355,127.31639339140989
SO_48360,142.5067835989498
SO_48361,805.2924238569074
SO_48366,157.84236587107227
SO_48367,148.5245124719273
SO_48370,123.78243755720133
SO_48379,157.84236587107227
SO_48381,352.5937053400133
SO_48387,247.56487511440267
SO_48390,36.0897021713442
SO_48397,281.3104747167008
SO_4840,220.88354920969064
SO_48407,73.62400068293705
SO_48411,477.16780314231215
SO_48412,268.5319460150478
SO_48413,132.78596224477351
SO_48420,315.05940682842044
SO_48423,348.0292288492499
SO_48432,368.3412209479883
SO_48437,345.362685779463
SO_48450,71.2533917994749
SO_48452,715.7817751852248
SO_48453,358.0425946867304
SO_48455,240.1290562155926
SO_48465,73.62400068293705
SO_48467,108.26910651403261
SO_4847,192.22
SO_48471,72.1794043426884
SO_48473,509.26557356563956
SO_48474,157.84236587107227
SO_48476,36.0897021713442
SO_48477,123.78243755720133
SO_48484,291.0312960708771
SO_48486,71.2533917994749
SO_48487,72.1794043426884
SO_4849,207.39418799656553
SO_485,146.52207266240762
SO_48504,157.84236587107227
SO_48505,1574.1488536767129
SO_48509,268.5319460150478
SO_48510,368.48035332875884
SO_48511,71.2921960041337
SO_48514,158.88527929284297
SO_48515,247.56487511440267
SO_48516,167.29170556702238
SO_48520,221.0661333648553
SO_48521,107.3430939708191
SO_48524,315.68473174214455
SO_48526,72.1794043426884
SO_48527,36.0897021713442
SO_4853,491.49017958802085
SO_48534,314.56169924932755
SO_48537,1471.920194282609
SO_48541,71.2533917994749
SO_48545,71.2533917994749
SO_48546,71.2533917994749
SO_48549,62.18085407201233
SO_48554,254.63278678281978
SO_48558,334.58341113404475
SO_48560,495.12975022880534
SO_48561,123.78243755720133
SO_48566,560.851471179378
SO_48567,557.9394093141525
SO_48586,158.88527929284297
SO_48592,157.84236587107227
SO_48595,71.2533917994749
SO_48596,150.43912765672619
SO_48598,73.62400068293705
SO_48601,278.96970465707625
SO_48604,123.78243755720133
SO_48607,557.9394093141525
SO_48610,247.35301454275486
SO_48621,669.1668222680895
SO_48625,647.4500579858351
SO_48628,123.78243755720133
SO_48631,218.501393165349
SO_48633,400.04778708475686
SO_48635,60.63575291107484
SO_48649,186.34939593359383
SO_48654,220.87200204881114
SO_48660,157.93500381212255
SO_48663,123.78243755720133
SO_48665,123.78243755720133
SO_48666,71.2533917994749
SO_48669,71.2533917994749
SO_4867,376.48
SO_48677,468.1699608804747
SO_48681,89.5106486716826
SO_48682,36.0897021713442
SO_48683,747.1396655375511
SO_48687,157.84236587107227
SO_48689,73.62400068293705
SO_48692,247.56487511440267
SO_48693,836.9091139712287
SO_48697,315.05940682842044
SO_48704,315.68473174214455
SO_48705,620.5229908751578
SO_48714,157.84236587107227
SO_48715,123.78243755720133
SO_48716,148.5245124719273
SO_48727,436.8120705281485
SO_48728,221.0661333648553
SO_48729,157.84236587107227
SO_48730,249.84987756976886
SO_48731,123.78243755720133
SO_48732,89.5106486716826
SO_48738,986.8976554918381
SO_48739,386.31279862789535
SO_48740,368.48035332875884
SO_48745,28.89387067088255
SO_48753,392.95039705211167
SO_48754,186.542562216037
SO_48761,148.5245124719273
SO_48762,283.6545772857469
SO_48763,157.84236587107227
SO_48764,72.1794043426884
SO_48771,89.65045397457831
SO_48774,247.56487511440267
SO_48777,107.3430939708191
SO_48779,184.1119891757698
SO_48780,403.4580620973255
SO_48784,170.6543438654318
SO_48785,75.0847444863737
SO_48786,253.3037468433426
SO_48791,483.4229322054871
SO_48792,291.3706630910138
SO_48795,182.77772243639177
SO_48797,291.3706630910138
SO_48811,256.2952424131706
SO_48818,291.3706630910138
SO_4883,559.9741076405571
SO_48831,170.6543438654318
SO_48839,75.0847444863737
SO_48844,147.03154490359273
SO_48851,168.86916456222838
SO_48857,119.13702562941901
SO_48872,236.74626952651886
SO_48876,135.11643854475588
SO_48887,421.49358758166545
SO_48888,312.6927069459213
SO_48892,109.44423718067695
SO_48898,487.04684926609104
SO_48910,743.9669781697162
SO_48927,229.85936626589012
SO_48933,43.15616957376536
SO_48934,76.6197887552967
SO_48942,748.7795201683884
SO_48943,119.77595832906206
SO_48954,281.74485027840205
SO_48961,72.21801534531066
SO_48963,76.6197887552967
SO_48973,76.6197887552967
SO_48985,382.65399994734673
SO_48989,170.3767476896979
SO_49010,116.85944303229446
SO_49025,45.52193252182676
SO_49027,314.61692158629245
SO_49029,358.666771213569
SO_49032,419.4892287817232
SO_49076,302.791848713978
SO_49086,81.24985105983018
SO_49091,692.9469965152158
SO_49092,365.62951547609333
SO_49109,538.77
SO_49122,513.3569965152158
SO_49137,989.7717508687278
SO_49156,359.76417975981553
SO_49159,182.83307346770374
SO_49161,83.9673990098073
SO_49164,337.7515604227934
SO_49180,719.5283595196311
SO_49204,117.0858947665574
SO_49206,44.42006026009025
SO_49212,124.40803709404253
SO_49230,176.5
SO_49241,93.35961074139934
SO_49248,44.345356802916164
SO_49249,642.8022435335437
SO_49256,44.345356802916164
SO_49307,192.22
SO_49309,72.5264336828862
SO_49313,87.2692620908337
SO_49319,126.78447515105636
SO_4932,87.37771626366346
SO_49329,44.269748601301316
SO_49330,324.50289663996665
SO_49332,292.8746063606927
SO_49336,82.51472654975504
SO_49348,278.1865395200653
SO_49356,185.93497232224456
SO_49359,587.0390384504258
SO_49365,798.6559250660374
SO_49408,180.22517908209176
SO_49409,69.0399565702815
SO_4941,169.48608955909307
SO_49410,487.2559766126071
SO_49419,98.16017176533467
SO_49429,340.039826281126
SO_49430,180.22517908209176
SO_49441,161.90779805283583
SO_49454,323.81559610567166
SO_49457,180.22517908209176
SO_49460,94.07066327252126
SO_49463,794.2867741431226
SO_49495,300.3839047606107
SO_49505,46.77957149054674
SO_49511,269.16704609926813
SO_49516,96.07546307218887
SO_49520,73.30897037179312
SO_4955,624.4500172171261
SO_49563,339.72439562941815
SO_49564,632.9325482318535
SO_49568,127.23009586969775
SO_4957,262.1331487909904
SO_49577,91.33083033651725
SO_49605,269.45994763954116
SO_49614,188.14864814193635
SO_49616,194.7371080694214
SO_49620,172.09671956777854
SO_49626,379.42746203807894
SO_49640,345.2687922938638
SO_49654,89.86227747324672
SO_49658,188.18720974248208
SO_49684,47.04680243562052
SO_49685,179.59
SO_4969,44.173565323065176
SO_49713,179.59
SO_49717,328.1607599067426
SO_49722,174.3622567293055
SO_4975,591.1317194830602
SO_49765,47.99195115077057
SO_49766,47.99195115077057
SO_49782,51.58057912608244
SO_49790,90.69534993048119
SO_4981,1538.9886011171807
SO_49828,485.60786308747134
SO_49847,179.93178638072249
SO_49850,99.39226032225397
SO_49876,80.53952605846852
SO_49878,640.1585671874504
SO_4988,94.12
SO_49887,324.55131043611823
SO_49896,174.05978398602778
SO_49899,126.94295118481733
SO_49915,87.76967164885909
SO_49929,308.9603839777113
SO_4993,193.94962503841526
SO_49935,43.884835824429544
SO_49949,47.11683280121044
SO_49969,47.74088688852995
SO_4997,387.8992500768305
SO_49971,410.64635980055044
SO_49986,47.74088688852995
SO_49991,119.410880681376
SO_49994,44.89933444249785
SO_5000,387.8992500768305
SO_50005,137.65085092485594
SO_50053,97.89
SO_50060,195.78
SO_50065,183.5182265826897
SO_50074,292.85212778943884
SO_50079,115.34518331056901
SO_50099,673.2713519544476
SO_5012,376.9175714915174
SO_50120,46.20688374221806
SO_50125,99.92621923444514
SO_50128,142.2548693360234
SO_50131,439.2637592534045
SO_50150,407.35458958828355
SO_50153,67.27518294220916
SO_50155,127.20317291905442
SO_50156,134.5503658844183
SO_5016,188.24
SO_5017,420.0486678719405
SO_50170,560.0702553167403
SO_50181,321.6397593247692
SO_50208,832.4455868713383
SO_5021,169.44430759537352
SO_50213,517.2598700648102
SO_50237,1048.6579815182795
SO_50238,119.96366547480291
SO_50242,223.75304297475466
SO_50254,223.75304297475466
SO_50258,434.2137294912458
SO_50261,440.96166212812966
SO_50263,335.21282592892953
SO_50282,155.16304297475466
SO_50298,167.15536155613663
SO_50339,441.26412090709056
SO_50348,163.75734538714784
SO_50378,86.77
SO_50379,173.54
SO_50383,871.032056294757
SO_50384,856.3236860190049
SO_50400,332.3902660821578
SO_50431,250.56283714338227
SO_50450,63.1709547013576
SO_50454,691.84
SO_50463,687.5351987733064
SO_50467,28.362781993271057
SO_50472,185.00787570784618
SO_50473,135.64571602143354
SO_50497,542.3933539323865
SO_50543,262.11938762572584
SO_50556,27.202814987745132
SO_50559,167.12562772755146
SO_50563,167.12562772755146
SO_5059,84.2194794097806
SO_50595,666.2497281400716
SO_50643,213.49386792102635
SO_5065,296.25533552396206
SO_50653,296.66774707905785
SO_50662,82.39634310244317
SO_5067,104.96743185709096
SO_50676,147.65
SO_50690,118.12
SO_5070,132.81546336126868
SO_50709,179.0581590951449
SO_50722,377.52451840526953
SO_50727,342.99209262919095
SO_50728,86.77
SO_50729,369.3662528250072
SO_50751,155.39379314506016
SO_50780,124.0934132611545
SO_50797,246.59657775506716
SO_50800,159.33986302419578
SO_50821,58.9368779575566
SO_50841,186.74399231020712
SO_5086,162.30194058916385
SO_50877,63.446661190824656
SO_50895,123.0792751145429
SO_50904,197.7568033035521
SO_50907,780.1431734958844
SO_50913,422.401506652545
SO_50917,506.7089375971683
SO_50918,63.446661190824656
SO_5092,179.59
SO_50948,812.2921249347387
SO_5095,884.1850125016346
SO_50959,377.9641844872906
SO_50961,93.76450848750385
SO_5097,225.27158313932622
SO_50972,294.3651262606268
SO_50974,185.521416295264
SO_50987,167.01997807281924
SO_50988,46.88225424375192
SO_50990,108.1707005037068
SO_50995,78.354602631921
SO_50996,185.521416295264
SO_5100,392.29545926456296
SO_51042,338.7652063090332
SO_51045,1081.2839405308348
SO_51064,558.1230074644487
SO_51070,68.59
SO_51112,48.32
SO_51115,154.08
SO_51117,302.78861756697677
SO_51182,322.2243486359127
SO_51193,1070.5448576091833
SO_51195,140.38296576211016
SO_51196,303.3726216390123
SO_51222,169.79228620249543
SO_51234,131.71679404539339
SO_51242,233.77340878440322
SO_51250,64.02379610858308
SO_51260,264.734466988527
SO_51262,403.5230214602234
SO_51295,332.74866203684394
SO_51337,281.745308504704
SO_51343,1531.0504488035376
SO_51366,124.1409559407605
SO_51371,79.81329281464843
SO_51392,135.45866638496696
SO_51399,748.6881795418902
SO_51407,176.5
SO_51413,81.50724115553129
SO_51455,76.84996499414969
SO_51460,25.616654998049896
SO_51464,104.4133099960998
SO_51503,133.45473130036234
SO_51509,193.13624642175844
SO_51528,74.88596667728534
SO_51530,133.25913569537886
SO_5154,133.095916298562
SO_5155,173.54
SO_5163,167.74738455599152
SO_5166,480.0620197729228
SO_5176,654.1013738341026
SO_5183,83.43941490588824
SO_5185,471.10992350681954
SO_5187,1124.7196670263281
SO_5202,95.0072995813206
SO_5213,653.2713738698936
SO_5220,360.64634299633474
SO_5243,608.8199999999999
SO_5258,378.03900778902465
SO_5271,171.14020348377454
SO_5281,175.03818388602298
SO_5282,339.721296533893
SO_5287,339.721296533893
SO_5288,498.0229840180915
SO_5290,447.922094496529
SO_5291,276.2049785046196
SO_531,74.78415991744288
SO_5315,1005.6780977983658
SO_5319,116.26009275880547
SO_5327,177.06316228450703
SO_5328,630.3313030736335
SO_5338,291.69521089965707
SO_5346,291.69521089965707
SO_5384,383.70593830888566
SO_5405,390.2354748036844
SO_5406,93.63018030845593
SO_5407,402.91719286186253
SO_5427,321.75944644949925
SO_5439,112.4051116639851
SO_5441,93.63018030845593
SO_5442,112.4051116639851
SO_5450,879.1653339820648
SO_5456,98.69438437469609
SO_5470,93.07609849891791
SO_5476,177.91814081483105
SO_5479,449.9214052527352
SO_5485,122.83104248525981
SO_5490,206.68094146366676
SO_5497,88.95907040741552
SO_5506,1516.823884087149
SO_5509,453.6998581240382
SO_5518,92.97601067659578
SO_5524,159.4010420808131
SO_5526,222.9176985565034
SO_5528,331.85289258275407
SO_5532,307.16603886752324
SO_5542,46.48800533829789
SO_5548,787.2008446151501
SO_5552,79.70052104040656
SO_5554,108.78
SO_5566,338.1761093547763
SO_5571,396.7720777350465
SO_5572,114.69805467738816
SO_5580,46.48800533829789
SO_5584,628.071643269642
SO_5600,286.91637633487477
SO_5602,123.25
SO_5603,286.91637633487477
SO_5609,381.2207343422747
SO_5610,101.52829730728864
SO_5628,203.05659461457728
SO_5633,203.05659461457728
SO_5642,1166.957430857468
SO_5656,82.7085635566829
SO_5661,123.25
SO_5680,128.87472152401085
SO_5684,46.16615796732793
SO_5692,108.78
SO_5698,161.92191619159715
SO_5707,200.5716800664028
SO_5709,46.16615796732793
SO_571,68.59
SO_5712,450.8820314974145
SO_5713,106.57917862225823
SO_5714,200.5716800664028
SO_5715,46.16615796732793
SO_5741,300.25054373613574
SO_5767,92.0005916360256
SO_5774,550.3969399710554
SO_5780,44.32087743280852
SO_5798,162.05942891271673
SO_5809,183.4900895841077
SO_5811,486.1782867381501
SO_5815,176.5
SO_5818,345.31687207063516
SO_5832,949.9521551652444
SO_5844,298.8705253199495
SO_5847,90.32507752705689
SO_5854,162.05942891271673
SO_5861,170.98247729821463
SO_5862,119.38031719258123
SO_5865,349.4793903569013
SO_5891,132.03013361388435
SO_5894,119.38031719258123
SO_5900,99.66
SO_5913,217.56
SO_5915,164.40026722776872
SO_5919,1123.48
SO_5925,358.1409515777437
SO_5938,48.501287529388875
SO_5946,358.82827571522574
SO_5964,162.26360768857026
SO_5984,291.8966990622443
SO_599,231.1275966894957
SO_6013,297.34404597408815
SO_6014,95.6104892848308
SO_6016,513.9297963832315
SO_6020,324.44338934099807
SO_6021,137.47297057992915
SO_6024,137.47297057992915
SO_6032,802.3387279654507
SO_6034,412.41891173978746
SO_6040,95.6104892848308
SO_6044,171.30993212774385
SO_6045,47.8052446424154
SO_6046,88.75843561227592
SO_6048,88.75843561227592
SO_6060,179.59
SO_6063,91.39832016026533
SO_6067,667.1535121743457
SO_6089,161.28353494306205
SO_6090,286.178861726611
SO_6097,862.5651544306863
SO_6098,237.23232166608773
SO_61,91.836
SO_6113,206.9826950231947
SO_6114,534.9601816931322
SO_6115,213.98407267725287
SO_6117,213.98407267725287
SO_6118,286.178861726611
SO_6123,349.25890027212307
SO_6124,233.22039474325743
SO_6130,465.3656871145955
SO_6133,213.98407267725287
SO_6140,106.99203633862643
SO_6141,179.18682538798453
SO_6149,45.699160080132664
SO_6150,553.7672388691481
SO_6153,45.76294232587545
SO_6154,179.59
SO_6183,205.30065939519903
SO_6191,435.12
SO_6198,326.34000000000003
SO_6200,94.12
SO_6215,173.54
SO_6222,327.6268390474597
SO_6225,177.51428495304367
SO_6226,177.51428495304367
SO_6231,49.83
SO_6234,175.64894634915322
SO_6237,215.11715490938496
SO_6255,532.542854859131
SO_6260,174.4490238769724
SO_6264,1621.3424943971645
SO_6268,1183.4872249183145
SO_6275,157.18558543101275
SO_6277,177.51428495304367
SO_6279,355.02856990608734
SO_6287,399.40288500407564
SO_6294,87.2245119384862
SO_6295,552.3057700081513
SO_6298,437.79464845158645
SO_6301,933.9212471985823
SO_6308,49.83
SO_6310,473.43008510613964
SO_6315,300.2679702261256
SO_6319,552.3057700081513
SO_6320,453.6671699571193
SO_6335,192.22
SO_6337,306.99603002626486
SO_6338,375.7602383147043
SO_6357,375.03911373635185
SO_6361,737.2420600525297
SO_6363,86.77
SO_6365,793.6162956588537
SO_6369,46.87426660263869
SO_6409,123.25
SO_6412,123.25
SO_6413,168.90310092625424
SO_6414,49.32123966582731
SO_6416,192.22
SO_6419,78.9972092768886
SO_6423,393.2765537338503
SO_6427,589.9148306007754
SO_6439,105.84967175148813
SO_6444,196.63827686692514
SO_6445,312.64682668178864
SO_6446,915.2429194362833
SO_6448,128.31844894271592
SO_6451,259.66120112898096
SO_6453,892.4027792191887
SO_6455,196.63827686692514
SO_6456,119.58186126042695
SO_6465,76.82758163674745
SO_6471,173.10746741932064
SO_6473,128.31844894271592
SO_6487,49.32123966582731
SO_6491,49.32123966582731
SO_6495,65.09143991455991
SO_6500,78.9972092768886
SO_6503,192.22
SO_6514,139.10830610390212
SO_6516,335.6119300911
SO_6519,307.5707328503491
SO_6523,360.05906700520075
SO_6524,222.0634004657369
SO_6539,1609.0951299524434
SO_6553,84.58609972483758
SO_6562,224.02043991005218
SO_6569,108.78
SO_6586,127.83037155893159
SO_6589,478.85511339467314
SO_6594,486.9073715444643
SO_6597,71.82951859326118
SO_6601,170.82
SO_6614,181.4135143724274
SO_6615,258.84313915507323
SO_6617,47.81220572688565
SO_6622,102.08597457946362
SO_6659,655.4711838309096
SO_6663,583.7709641794804
SO_6664,272.8068483959307
SO_6667,377.6781104901497
SO_6676,329.38546243549035
SO_6679,445.9771285583338
SO_6686,173.17028016240312
SO_6687,246.86519706536458
SO_671,28.59413667005612
SO_6710,108.69524046513975
SO_6715,260.15158163310593
SO_6717,329.38546243549035
SO_6722,99.63656823352757
SO_6728,82.36502836890013
SO_6737,211.87810399440997
SO_6743,1010.8517776312653
SO_6755,2011.0735390058558
SO_6765,246.5
SO_6772,335.1523451891711
SO_6776,762.5314337958434
SO_6777,370.5644051596576
SO_6779,129.9313965125071
SO_6783,315.1318910460814
SO_6790,558.6931845689253
SO_6791,92.6411012899144
SO_6795,29.38177788128081
SO_6797,222.79624363811553
SO_6810,78.39800107141754
SO_6812,197.37676679289297
SO_6832,47.03602916730492
SO_6840,270.01191026583354
SO_6847,691.5461275264303
SO_6870,693.0010150290402
SO_6871,167.96136833393277
SO_6874,439.5687751449191
SO_6878,222.13220334263315
SO_6879,141.0808316288091
SO_6887,388.5602365741057
SO_6896,582.8403548611586
SO_6900,97.14005914352643
SO_6903,125.05669440192756
SO_6909,500.03284329005135
SO_6916,631.8510420053051
SO_6919,194.28011828705286
SO_6924,84.31299104439906
SO_6925,229.5568197947244
SO_6940,561.0297328148988
SO_6943,94.5255308366785
SO_6950,647.2644809352952
SO_6951,183.37480726392295
SO_6967,155.8190728232757
SO_6986,77.90953641163784
SO_6989,66.81133129019385
SO_6998,127.73953641163784
SO_7004,145.25666898071566
SO_7011,99.66
SO_7013,384.4733737438603
SO_7014,177.54980468342524
SO_7016,1433.8587145876804
SO_7022,99.66
SO_7033,66.81133129019385
SO_7034,98.74091686250834
SO_7037,77.90953641163784
SO_7045,266.32470702513785
SO_7062,198.8940672328823
SO_7071,254.811296850202
SO_7072,130.48937096443817
SO_7077,254.811296850202
SO_709,86.77
SO_7094,43.49645698814605
SO_7105,90.48092097884154
SO_7119,113.40064273818864
SO_7126,185.3087587768889
SO_7136,312.3377925923432
SO_7139,143.6152964163702
SO_7144,167.5019074955663
SO_7148,958.9743306938963
SO_7151,844.7016099218238
SO_7158,173.54
SO_7162,494.6314747287539
SO_7169,633.0729591365646
SO_7183,283.1114270442108
SO_7193,94.59387380009923
SO_7196,182.53253887807008
SO_7204,120.80916027025881
SO_7213,365.06507775614017
SO_7215,538.77
SO_7228,84.90540057163707
SO_7229,359.18
SO_7235,93.20735665409217
SO_7236,365.06507775614017
SO_7249,400.26569048602084
SO_7251,779.4755080259044
SO_7258,142.34642134362798
SO_7259,379.0013103563489
SO_7261,171.43564885358657
SO_7264,326.22609080549626
SO_7281,105.53778912651794
SO_7282,163.11304540274813
SO_7283,189.50065517817444
SO_7290,731.5795080554144
SO_7292,163.11304540274813
SO_7299,49.83
SO_7301,342.87129770717314
SO_7302,1032.850352324895
SO_7309,930.746106886593
SO_7314,332.19151733259014
SO_7316,86.10028597224445
SO_7319,116.16514422696211
SO_7333,350.40315530504074
SO_7336,44.92609708271479
SO_7341,86.59861440659427
SO_7356,420.71616541842246
SO_7360,150.38022126345538
SO_7367,44.92609708271479
SO_7372,94.12
SO_7379,175.20157765252037
SO_7383,154.82646432514676
SO_7387,44.92609708271479
SO_7391,314.5433229823329
SO_7405,294.4244549920203
SO_7417,97.89
SO_7438,46.24259845081947
SO_7459,384.44
SO_7462,369.75
SO_7475,123.08031360279048
SO_7484,103.58283425027815
SO_7488,310.74850275083446
SO_7496,207.1656685005563
SO_7500,185.48787334360813
SO_7506,1033.3453541164743
SO_7514,387.81488134196627
SO_7516,92.74393667180406
SO_7524,625.2663558199333
SO_7540,479.1908884176477
SO_7541,311.3055758870442
SO_7546,181.609616859286
SO_7555,405.0511517740884
SO_7558,288.23991828319697
SO_7563,1578.8019579706292
SO_7566,1260.2567276611326
SO_7585,318.8138408279349
SO_7588,118.08195797062919
SO_7595,809.9219579706293
SO_7598,648.5797574765043
SO_7601,181.609616859286
SO_7608,88.81303551912553
SO_7610,422.2245658081901
SO_7617,483.82006139709824
SO_7629,88.81303551912553
SO_7635,169.8448552558856
SO_7644,135.50675888598016
SO_7654,311.5787796489914
SO_7656,527.7007297334636
SO_7657,85.67675888598015
SO_7659,105.55614145204753
SO_7662,355.25214207650214
SO_7677,238.05417162037398
SO_7679,189.26157135013273
SO_7680,129.398826902398
SO_7697,48.79260027024126
SO_7703,149.973381726921
SO_7711,472.5751952367188
SO_7714,170.1305368314102
SO_7717,253.9096623337142
SO_7722,84.63655411123807
SO_7734,48.79260027024126
SO_7759,430.8290894054591
SO_7763,175.52746722608256
SO_7769,187.6515255866126
SO_7788,308.6760713499823
SO_7795,107.08
SO_7796,175.52746722608256
SO_7807,205.78404756665483
SO_7810,187.6515255866126
SO_7818,175.5076730008744
SO_782,52.27698286425441
SO_7820,312.2903254152539
SO_7827,131.61473187332393
SO_7830,185.54250033497098
SO_7835,371.7807800782483
SO_7837,313.54468764438184
SO_7839,47.73117068709404
SO_7848,159.26676190687533
SO_7850,326.34000000000003
SO_7851,126.04099353446802
SO_7852,159.26676190687533
SO_7872,397.1509057157507
SO_7875,149.37894593823697
SO_7887,515.6692626342618
SO_7893,94.12
SO_7904,167.42996369640633
SO_7914,78.30982284737397
SO_7918,45.68603278737775
SO_7922,121.12624018006389
SO_7924,380.25424308451306
SO_7925,258.1909539288952
SO_7927,174.8422258282797
SO_7930,171.53752288002644
SO_7938,188.24
SO_7956,176.83599541994565
SO_7958,668.6988429262334
SO_7969,334.3494214631167
SO_7971,190.12712154225653
SO_7976,466.48824394155
SO_7978,647.7265430053733
SO_798,1111.9316487768024
SO_7983,184.88899653186905
SO_7990,89.99291762429952
SO_7991,345.92
SO_8007,345.92
SO_8020,72.55681323295775
SO_8057,173.8780615917692
SO_8065,94.12
SO_8070,317.2169555248521
SO_8079,102.53355398667411
SO_8092,86.77
SO_8097,44.57742674991404
SO_810,59.06
SO_8107,102.53355398667411
SO_8109,53.18
SO_8118,312.72919775493534
SO_8129,356.933654192544
SO_8142,76.41344153205776
SO_8150,462.59637133595317
SO_8151,408.2769341702749
SO_8159,94.26427945897461
SO_8162,535.400481288816
SO_8164,76.41344153205776
SO_8166,225.67436449848188
SO_8205,78.63834499018958
SO_8216,179.59
SO_8230,163.72242258532066
SO_8232,384.44
SO_8237,435.12
SO_8255,179.59
SO_8260,216.56889042253266
SO_8261,1037.76
SO_8275,99.99292998602563
SO_8284,667.0883939057293
SO_8287,422.2643318630411
SO_8291,399.9717199441025
SO_8292,724.0097397410857
SO_8296,185.70297496608038
SO_8297,46.438251841411144
SO_8311,166.38274032320325
SO_8320,333.8037690550173
SO_8326,499.6673651739152
SO_8344,612.4437979021536
SO_8357,84.03105402929435
SO_8358,46.892035556218296
SO_8359,40.695098019447
SO_8378,46.892035556218296
SO_8380,329.5946405910647
SO_8386,192.22
SO_8399,46.892035556218296
SO_8407,399.3857144522152
SO_8408,1032.5431535245616
SO_8411,168.0621080585887
SO_8417,123.25
SO_8421,1009.3704934625572
SO_8432,143.40361222048264
SO_8433,1132.620493462557
SO_8440,306.4242361216396
SO_8447,187.6112859181297
SO_8456,704.953178798434
SO_8462,281.41692887719455
SO_8468,279.79339066262435
SO_8477,364.17264826130065
SO_8480,966.5594765665603
SO_8491,722.2522505203664
SO_8495,86.78442571552063
SO_8497,347.1377028620825
SO_8500,306.325280452054
SO_8503,87.5448709518132
SO_8506,380.35548712908496
SO_8507,153.162640226027
SO_8512,504.6922505203663
SO_8513,561.9565948722218
SO_8529,79.12916196164633
SO_8530,433.92212857760313
SO_855,67.84482613982328
SO_8552,92.53277894213228
SO_8556,253.5703247527233
SO_8558,79.12916196164633
SO_8560,633.5609765853166
SO_8561,47.656000414715315
SO_8568,107.44023495401375
SO_8574,46.89482230776969
SO_8577,140.6844669233091
SO_8584,155.98928838412388
SO_8595,187.761515304396
SO_8602,139.15447699173276
SO_8605,161.84718491529253
SO_8612,734.0429146718409
SO_8618,77.99464419206194
SO_8628,83.71997568040814
SO_8631,146.8321690726946
SO_8648,114.74338556564305
SO_8654,132.46022360315527
SO_8661,48.32
SO_8673,175.29068017552163
SO_8674,48.740247922747116
SO_8679,370.7001753421147
SO_8692,92.08778157635398
SO_8694,96.09088460077538
SO_8703,293.60455446274966
SO_8709,120.22490960497181
SO_8713,124.97149636375876
SO_8714,100.30729117989038
SO_8720,113.74999756255036
SO_8724,308.40357578210114
SO_8726,200.61458235978077
SO_8749,293.60455446274966
SO_8758,92.08778157635398
SO_8759,181.2662605390014
SO_8773,163.45559883002915
SO_8775,173.79041007958068
SO_8780,87.54202984525134
SO_8783,47.15594091630318
SO_8789,182.0199315666092
SO_8794,173.79041007958068
SO_8796,163.500232920854
SO_8808,355.1111003926167
SO_8813,104.3336353045868
SO_8814,459.44473569720355
SO_8816,776.6291193807367
SO_8822,92.02801633797874
SO_8824,297.68400650085493
SO_8827,196.14483332175053
SO_8831,63.43200325042746
SO_8832,170.82
SO_8835,133.2861192372441
SO_8848,347.58082015916136
SO_8856,371.48753445509317
SO_8868,81.64730817915792
SO_8877,88.9832529377998
SO_8880,81.64730817915792
SO_8894,557.2313016826397
SO_8898,45.853503839819986
SO_8915,320.30751445641863
SO_8923,45.5321302404082
SO_8929,344.56579095395165
SO_8931,479.33511991632673
SO_8935,508.2824512188255
SO_8936,68.59
SO_8937,152.31714799574888
SO_8946,642.3066012627116
SO_8950,80.37765856414488
SO_8954,46.12139067674787
SO_8960,283.3176585641449
SO_8961,166.2992322221688
SO_8966,299.1636208287109
SO_8982,341.44231731113126
SO_8991,46.12139067674787
SO_9000,635.1221081705905
SO_9004,237.3647625266437
SO_9035,335.05269488867435
SO_9037,164.94179705606106
SO_9047,83.76317372216859
SO_9048,295.32321989183424
SO_9067,464.04292418078404
SO_9068,988.8200166276956
SO_9069,88.80292542405573
SO_9077,83.76317372216859
SO_9082,45.22705556994111
SO_9087,622.9224823163845
SO_909,569.6344298333689
SO_9092,280.04346796282414
SO_9093,334.1934155010641
SO_9099,240.87524324625983
SO_9100,93.19837671547903
SO_9101,540.862836646306
SO_9111,171.22474611793317
SO_9118,186.32565886354828
SO_9119,1561.2808527502139
SO_9122,171.22474611793317
SO_9126,80.29174774875327
SO_9128,370.99699099501305
SO_9149,130.12174774875325
SO_9165,622.9224823163845
SO_9167,99.75585574738881
SO_9171,299.2675672421665
SO_9173,323.29865454542266
SO_9188,93.42469023995193
SO_9199,131.39564285261193
SO_9204,495.78814777401
SO_9215,922.7285031121444
SO_9221,190.78525908340757
SO_9227,260.31
SO_9234,95.984025090008
SO_9236,113.2296102947656
SO_9237,202.84121762613242
SO_9247,50.26122504988927
SO_9255,47.38077344394815
SO_926,179.8329628911397
SO_9264,166.96363823877223
SO_9266,47.38077344394815
SO_9270,185.13363004019075
SO_9274,161.69390622732672
SO_9275,665.7586999569331
SO_9280,426.592970367285
SO_9287,492.7581022731932
SO_9290,252.61316723370226
SO_9295,285.1366527074242
SO_9303,47.38077344394815
SO_9308,47.38077344394815
SO_9311,175.60850000155966
SO_9313,664.0511252479976
SO_9316,185.13363004019075
SO_9321,2136.374774438722
SO_9322,579.1582683240888
SO_9331,160.64448188671844
SO_9334,188.6296620226263
SO_9348,202.94
SO_9352,508.6856700841267
SO_9355,188.6296620226263
SO_9356,138.7996620226263
SO_9359,332.24445225636333
SO_9380,49.83
SO_9385,202.94
SO_9388,99.66
SO_9391,481.93344566015537
SO_94,43.488
SO_9401,160.64448188671844
SO_9407,440.058003675681
SO_9411,49.83
SO_9415,173.93385077302634
SO_9416,114.81646021808648
SO_9417,144.71759984926754
SO_9418,31.94
SO_945,139.82433412320276
SO_9460,144.71759984926754
SO_9466,105.65439038892353
SO_9471,400.8970113602735
SO_9472,186.10873031540902
SO_9482,186.15229050085117
SO_9488,558.326190946227
SO_9502,45.89114525042558
SO_9515,425.56208269956755
SO_9516,825.3141635243952
SO_9518,699.4144992394811
SO_9521,112.78173969456319
SO_9523,155.8231552444645
SO_9531,198.3332183623183
SO_9534,333.4616648142954
SO_9552,162.27913663909248
SO_9553,318.8574370020632
SO_9580,162.0788227438934
SO_9586,523.6564869861253
SO_9598,77.04
SO_9602,231.12
SO_9607,180.89972526714575
SO_9619,384.44
SO_9622,81.23972526714577
SO_9629,192.22
SO_9632,960.0220539109107
SO_9637,652.6068136696308
SO_9640,155.39
SO_9641,108.31759366026526
SO_9645,170.91785557137257
SO_9650,108.31759366026526
SO_9656,179.59
SO_9667,651.2561878156112
SO_9687,108.31759366026526
SO_9689,281.2294360191998
SO_9692,172.91184235893454
SO_9704,85.45892778568629
SO_9705,79.23797364863378
SO_9707,79.23797364863378
SO_9715,89.37660998044012
SO_9716,89.37660998044012
SO_9722,179.59
SO_9725,95.6225992372521
SO_9751,85.29919954994165
SO_9753,276.5982928592674
SO_9759,95.6225992372521
SO_9765,47.81129961862605
SO_9769,812.0393009809466
SO_9777,342.4091245884891
SO_9784,113.5045703162356
SO_9789,45.51314305629899
SO_9804,45.51314305629899
SO_9812,91.02628611259799
SO_9814,719.62525745719
SO_9823,532.0346338846738
SO_9831,177.79628611259798
SO_9843,434.51444528352226
SO_9849,132.283143056299
SO_9850,91.02628611259799
SO_9852,71.45118851482174
SO_9854,117.10749113733849
SO_9869,44.99502286700546
SO_9873,183.3688041742108
SO_9874,207.17457330174733
SO_9877,183.3688041742108
SO_9878,162.17955043474188
SO_9896,84.84854700140734
SO_9898,326.34000000000003
SO_9901,183.3688041742108
SO_9916,81.08977521737094
SO_9928,344.5658953443528
SO_9929,90.20608142574831
SO_9935,179.810856804723
SO_9946,78.82021064403318
SO_9968,78.82021064403318
SO_9974,45.03365596230046
