customer_id,gmv_total,gmv_multi_order,gmv_multi_order_ratio
Customer_0,7886.968967555175,811.8668116520037,0.10293774642600989
Customer_1,9137.207397536342,1580.8480338290228,0.17301216499203748
Customer_10,11045.295313287215,780.0593156072046,0.07062367220447358
Customer_100,11212.820863503113,598.6119385546365,0.05338638205690713
Customer_1000,8841.06944088406,1800.3012122395105,0.20362934872045182
Customer_1001,11813.492543726396,1239.5700005356798,0.10492832631396197
Customer_1002,5451.77805673716,236.45898246270642,0.04337281892290109
Customer_1003,7773.725601632882,116.21171900104216,0.01494929522295355
Customer_1004,10095.472125847753,771.4814153333158,0.07641855732116458
Customer_1005,22199.791322852663,3933.4187641981002,0.1771826909088557
Customer_1006,13306.048421313444,1655.183879952428,0.12439334560824064
Customer_1007,5187.557685637479,1019.0777274631952,0.19644653403752263
Customer_1008,21739.14585517207,2468.217976960006,0.11353794640339007
Customer_1009,4276.272437897343,225.39467834540602,0.0527082129632118
Customer_101,8341.278347292,991.6879022653704,0.11888919911026856
Customer_1010,5610.674164754682,212.93335899795352,0.037951474768498465
Customer_1011,8036.058821026491,370.7779573915214,0.04613927867493631
Customer_1012,7131.788227045602,,
Customer_1013,8268.71342036017,1462.9430694930243,0.17692511460015034
Customer_1014,14554.497211215912,2540.4077698638475,0.1745445227682734
Customer_1015,10377.626168133123,418.74581084105796,0.04035082821993654
Customer_1016,21443.560862609833,3626.2168131130074,0.16910516104794318
Customer_1017,15584.794010320877,4302.089372920041,0.2760440317703926
Customer_1018,13890.91763279122,1318.2075461722418,0.09489708174933316
Customer_1019,8409.632940044292,606.0336215421129,0.07206421800603832
Customer_102,7880.989514636271,710.2159574011165,0.09011761227218114
Customer_1020,3832.875609884561,,
Customer_1021,18882.64179373244,2159.7381367150224,0.11437690553616743
Customer_1022,9872.41386082394,468.9970331484505,0.04750581162420075
Customer_1023,10065.812432750887,1049.92741346428,0.10430627636654118
Customer_1024,8160.150677642553,1763.2056018994608,0.21607512796673584
Customer_1025,14670.160740009016,2806.221911589834,0.19128774124039416
Customer_1026,14525.93952436788,2638.262600859666,0.18162423135755648
Customer_1027,13990.697137903142,1627.6262506144776,0.11633632224122453
Customer_1028,17462.149837118584,361.5643393519321,0.020705602845267623
Customer_1029,5945.1594844092515,232.69155849613202,0.03913966632961634
Customer_103,7651.712685793807,162.80520734438258,0.021276962953228395
Customer_1030,10142.347972620093,126.0275243826945,0.012425872660148688
Customer_1031,6461.950064592266,1764.0735934976485,0.2729939996230778
Customer_1032,18964.681476229303,2391.3696210719927,0.12609595495022585
Customer_1033,15104.69709385018,3029.737050224872,0.20058244342141873
Customer_1034,14219.412761752492,3056.7672705176215,0.2149714142021211
Customer_1035,10376.727034840047,1481.4352767544215,0.14276517747652762
Customer_1036,17420.913312669032,2341.2650866011045,0.13439393472548097
Customer_1037,10820.434671951349,549.306503291882,0.05076565960106855
Customer_1038,12612.049876227376,2997.659348039236,0.23768216724939892
Customer_1039,7931.270094275421,839.0175694619704,0.10578602915913189
Customer_104,11203.654603764599,2358.1113833189247,0.21047697976395696
Customer_1040,4973.946061832029,834.4266064317458,0.16775948031177595
Customer_1041,4815.026987887713,,
Customer_1042,20037.605437819213,3570.2986989389224,0.17817990827388477
Customer_1043,8348.136042351793,528.1804324263992,0.06326926510862214
Customer_1044,11075.740537726584,1322.4828074046254,0.11940355616854124
Customer_1045,15869.334157060486,924.6343187290578,0.05826547664683683
Customer_1046,7605.789458072563,683.3671375107,0.08984828482011081
Customer_1047,10047.911488735344,1009.2157450103334,0.10044034983207797
Customer_1048,11957.031969278385,2128.708515389064,0.17802984226005486
Customer_1049,10525.59820882533,860.6176825916712,0.08176425372859802
Customer_105,12115.88371700674,748.3935534865902,0.06176962167737631
Customer_1050,5712.62967947391,293.88632945337787,0.05144501673359695
Customer_1051,12854.525036845025,1960.7209407147575,0.1525315742973566
Customer_1052,13809.67458474111,993.8396691455379,0.07196691442995139
Customer_1053,8331.365381611333,,
Customer_1054,9827.579723264576,1482.6082530598162,0.15086199194600028
Customer_1055,9217.639070843077,96.24736140618485,0.010441650043624646
Customer_1056,22813.033873088978,5763.737028770443,0.2526510529390631
Customer_1057,17899.481973134476,6694.93797986373,0.37402970599441
Customer_1058,6081.638746454524,587.0390384504258,0.096526456589132
Customer_1059,9673.762817740007,1488.6015757361035,0.15388030529405433
Customer_106,16117.160377809776,3533.918599616181,0.21926434413854354
Customer_1060,11657.563444813495,1104.9818892294306,0.09478669315937048
Customer_1061,6422.604087812722,1953.3453190661887,0.3041360314849204
Customer_1062,7053.519192946635,76.84996499414969,0.010895265596072663
Customer_1063,8572.505657729935,1249.2986841916158,0.14573320031175574
Customer_1064,10921.061024336706,1034.1472985671744,0.09469293288103238
Customer_1065,6272.7837701415065,346.7327613165246,0.05527573945191207
Customer_1066,9660.665225506104,1223.8133223357947,0.12668002604051332
Customer_1067,10028.821221884135,923.0829960681214,0.09204302037549932
Customer_1068,9799.858385275576,1449.5608674307332,0.14791651169252798
Customer_1069,13697.813516980874,1936.1374535409632,0.1413464602318302
Customer_107,6295.94887379423,869.32685678941,0.13807717855013543
Customer_1070,12175.403910883137,1701.0141013929494,0.13970904898460715
Customer_1071,22969.41625502056,2298.8200378481856,0.10008177884562997
Customer_1072,4967.687158910178,,
Customer_1073,10124.29789653239,1239.6108330129346,0.12243918992521012
Customer_1074,4033.516012854587,,
Customer_1075,12217.837695119048,1210.3634595802723,0.09906527568816904
Customer_1076,7195.631723975492,496.94169731018735,0.06906158018821364
Customer_1077,11650.334951216719,1700.9454037912474,0.1459996996578718
Customer_1078,6293.754297797356,290.09066977940194,0.04609183264127833
Customer_1079,10410.84241098214,1333.3330675920736,0.12807158296677063
Customer_108,7118.709447227595,1506.1765779250295,0.21158000464699608
Customer_1080,7319.3006574592455,253.9096623337142,0.03469042661541029
Customer_1081,24822.168182738995,6637.907099620941,0.26741850473146234
Customer_1082,8047.369224427371,1719.7037102057213,0.21369762741662832
Customer_1083,6078.469050525031,,
Customer_1084,11336.665494798426,400.326119319686,0.03531251049996726
Customer_1085,13485.867303026414,1527.168582949122,0.11324214814173683
Customer_1086,14143.141727286737,5308.328561557038,0.3753288105227383
Customer_1087,9281.84695355016,1066.5939216429992,0.11491181948815088
Customer_1088,5710.962482984834,,
Customer_1089,9714.783169948609,1449.9440506002538,0.14925130342439996
Customer_109,10665.976312721732,2074.4071676706544,0.1944882593819777
Customer_1090,8108.539516409993,933.9853033817358,0.11518539207850494
Customer_1091,13645.373836119728,3196.3946476162278,0.23424749559849153
Customer_1092,9758.695640816162,911.926032291093,0.09344753293431177
Customer_1093,9622.006993709343,737.5027961437808,0.0766475015686378
Customer_1094,5384.949574293311,861.2338585349773,0.15993350479015406
Customer_1095,6473.74857997464,161.72596939619115,0.024981811912878564
Customer_1096,7550.039693384165,516.717181019629,0.06843900191311712
Customer_1097,12746.890326424234,2063.0460384687203,0.1618470062609731
Customer_1098,11143.331553891565,963.2833203106063,0.08644482268628188
Customer_1099,10990.103352808503,2838.5430491175007,0.2582817429457673
Customer_11,4465.5529379099935,320.12038039807294,0.07168661638303149
Customer_110,8302.12758234439,483.80400141517646,0.058274700866323935
Customer_1100,4147.0436925753365,309.1566497819193,0.07454868400239385
Customer_1101,13395.575529301994,3032.4845588319376,0.22637956481963503
Customer_1102,4744.350415728217,294.2951717392385,0.06203065666557995
Customer_1103,10506.152985851844,431.97564309266704,0.04111644325705031
Customer_1104,16867.009589431877,410.3323084182834,0.024327507863360645
Customer_1105,8019.711294117391,1114.0342194345708,0.13891201049241458
Customer_1106,8551.102852578904,160.64448188671844,0.018786405058649258
Customer_1107,9688.7446920282,1786.5653969682517,0.18439596188742793
Customer_1108,12551.57769894606,2080.990257945627,0.16579511419670895
Customer_1109,5235.345848788691,480.6078070934293,0.09180058413994334
Customer_111,8293.49387171065,1603.9677481414178,0.1934007274801997
Customer_1110,6835.587204546106,582.4312609603597,0.08520573924841533
Customer_1111,4909.288520039173,106.35465560993262,0.021663965190842762
Customer_1112,5364.881671967623,27.8012403335605,0.0051820789410559585
Customer_1113,18721.345380421244,3114.3874578560512,0.16635489568570608
Customer_1114,8913.390261814668,1278.5996575130857,0.1434470633458808
Customer_1115,4874.148116333644,668.7660091027024,0.1372067473414721
Customer_1116,15215.533408802889,1596.2969761005897,0.10491232434723965
Customer_1117,2783.1428257278653,,
Customer_1118,5877.553780789166,897.5663630260597,0.15271087198891534
Customer_1119,8164.14576029459,358.80944013842793,0.04394941622471484
Customer_112,10331.733724196467,1625.1428645812832,0.15729623971776102
Customer_1120,9189.046262328098,792.5090364381822,0.08624497187343526
Customer_1121,6120.475887888383,684.0413966478566,0.11176277942724756
Customer_1122,8879.531171413017,568.2767966358776,0.06399851362258878
Customer_1123,11083.743044783887,1100.8376601389714,0.09932002715066873
Customer_1124,8832.829180875291,2081.902006158605,0.23570047190160862
Customer_1125,9373.846820116469,646.0506881919878,0.06892055103840077
Customer_1126,4151.185020356004,337.8366021953369,0.0813831714410947
Customer_1127,9609.282723350021,1897.0261235651108,0.19741599640475174
Customer_1128,15112.91554822969,1536.5560784420004,0.10167171738228835
Customer_1129,21161.157923116898,4794.109416196946,0.2265523197556103
Customer_113,11420.341917027226,1208.239125728328,0.10579710612051788
Customer_1130,10546.170556868938,670.0714170979464,0.06353694106165533
Customer_1131,19291.14679060941,4031.184945540991,0.2089655420331621
Customer_1132,15703.906137994389,701.3658504571533,0.04466187229432382
Customer_1133,7118.540877898814,86.693520774616,0.012178552074312933
Customer_1134,13987.271280529822,4090.3352537542396,0.29243268195190836
Customer_1135,9566.755628282886,1606.0822296778413,0.16788159874489372
Customer_1136,12377.475361933857,1539.5322872447787,0.12438176948261298
Customer_1137,8286.802011921955,751.5357211653665,0.09069068140932489
Customer_1138,9212.472749931194,804.1486075357741,0.08728911654493417
Customer_1139,9830.075809807739,1843.3643675438504,0.18752290452375503
Customer_114,7510.05878506845,459.3567107732818,0.06116552798316013
Customer_1140,10730.744559188272,1400.483631320301,0.13051131947047676
Customer_1141,7291.022828646748,182.88387306476133,0.025083431688926083
Customer_1142,8618.61508070915,2576.3136273137834,0.2989243170959436
Customer_1143,5933.509282842279,,
Customer_1144,3301.8423178815838,769.0475030726523,0.23291466673249936
Customer_1145,5878.296612207166,,
Customer_1146,7546.215025452796,1907.9141876825283,0.2528306152484765
Customer_1147,11999.96616966809,4126.043183095823,0.34383790127051217
Customer_1148,12258.940546357459,3245.1819031510418,0.26471960532635863
Customer_1149,4758.407624676455,532.4155203392119,0.11188943073690814
Customer_115,13578.27807083756,1395.930842440979,0.10280617580214814
Customer_1150,12800.813625261137,2475.6330895873557,0.19339654197463974
Customer_1151,8518.248584239858,881.726240343792,0.10351027345869297
Customer_1152,3991.4151657994794,681.9926916491131,0.1708648845884991
Customer_1153,5466.894773127452,366.2693283977823,0.06699769130333018
Customer_1154,18278.44687805622,3746.6965687970314,0.204978934687008
Customer_1155,7263.242120548158,1061.8310682510976,0.14619243729286022
Customer_1156,14075.91432046229,1755.4454842814143,0.1247127145218202
Customer_1157,1863.9420830412344,,
Customer_1158,9013.745832258033,1872.6837028382101,0.20775865413647726
Customer_1159,9327.952453906653,811.76,0.08702445729770263
Customer_116,8830.993201313657,171.02834133368816,0.0193668296911662
Customer_1160,13008.303303936755,801.3300988862636,0.061601431037032625
Customer_1161,6768.31235762486,154.8600051701559,0.022880150469961384
Customer_1162,7793.092848749004,1137.9546517855817,0.14602092825934357
Customer_1163,11364.255607427627,606.4131928704949,0.05336145312273211
Customer_1164,8338.696195797242,909.7146132753995,0.10909554586410064
Customer_1165,2169.7971941720352,,
Customer_1166,11951.567709298673,2593.0966787113484,0.21696707426037862
Customer_1167,6907.085335910952,169.12101791428753,0.024485149623822148
Customer_1168,5262.247730688559,1040.2352018950403,0.19767887319872085
Customer_1169,9223.778117926247,1889.55839553023,0.2048573124127853
Customer_117,5885.708234228974,1470.5518408346122,0.24985129780685672
Customer_1170,5975.932995009729,353.6038520764456,0.05917132142742004
Customer_1171,3841.923573915786,158.97060417229045,0.0413778673921573
Customer_1172,7053.37959652033,612.1029300080879,0.0867815097191223
Customer_1173,3798.5435770946356,,
Customer_1174,15707.574164829157,2690.2394920007646,0.17127020784816552
Customer_1175,10756.885277128687,2565.755104459572,0.23852212219041566
Customer_1176,6227.160438183726,546.8051464964647,0.08780970908402533
Customer_1177,4100.023580330836,,
Customer_1178,9546.650688130048,1402.8233393557061,0.14694403149158108
Customer_1179,5789.346158245204,354.4680194167971,0.06122764293718432
Customer_118,9428.37153410246,955.3437246207255,0.10132648264498734
Customer_1180,7654.574589602283,709.3499970707902,0.09267007444598521
Customer_1181,10260.388845634283,2898.2913282380605,0.2824738293881778
Customer_1182,3930.7732059229984,328.0739086489242,0.0834629451922012
Customer_1183,7815.471504811963,1638.6654945740381,0.2096694349873986
Customer_1184,11765.8306299528,2006.6337650241755,0.17054756507507413
Customer_1185,7845.133600337083,747.6126100199302,0.09529635161188427
Customer_1186,4954.3961245104165,295.0857780655147,0.059560392558371485
Customer_1187,6901.78408601104,904.772303626742,0.13109252511399047
Customer_1188,8271.622421460852,2001.0107028987409,0.2419127229148042
Customer_1189,6526.997361851544,291.5418036975965,0.04466706320452586
Customer_119,9843.21913548109,863.646438473575,0.08774024296182288
Customer_1190,7431.842857006408,979.4157504522286,0.13178639124869002
Customer_1191,4812.399952604343,585.7130132387297,0.12170913037303921
Customer_1192,5844.171887475706,94.12477714964378,0.016105750987810082
Customer_1193,7209.789928530212,793.121650681576,0.11000620802321516
Customer_1194,16471.309581435784,1346.8486885792754,0.0817693749194818
Customer_1195,5663.999607911849,294.8783673929954,0.052061862253855
Customer_1196,6334.632582106718,481.312091648163,0.07598105895008236
Customer_1197,21902.010728612247,5734.796436367351,0.2618388104830738
Customer_1198,5780.178791130256,683.3835309605877,0.11822878766470801
Customer_1199,3876.034975124528,303.05766665244255,0.07818754696420303
Customer_12,8895.220404032352,1270.9693151874956,0.1428822735647274
Customer_120,7512.822900674948,637.8744782978804,0.08490476705374941
Customer_1200,18341.341793042666,1296.682076545077,0.07069723094288234
Customer_1201,6118.958796069779,507.1121708122948,0.08287556555177558
Customer_1202,9322.376019606621,1968.442186622718,0.21115241248397754
Customer_1203,7224.415921659333,1331.752865268809,0.18434055842163177
Customer_1204,9171.982731578091,265.53869442677046,0.02895106785499617
Customer_1205,8956.318041586741,1315.3219422650761,0.14685967337891095
Customer_1206,4508.819466797928,1911.4003185425113,0.42392478399671857
Customer_1207,6972.727190840236,1831.4380526647606,0.2626573509244188
Customer_1208,6946.257369529482,283.11,0.04075719987599265
Customer_1209,13129.418793689752,3226.64040936062,0.24575653043464535
Customer_121,10625.274797748722,1644.275750382202,0.15475136235823195
Customer_1210,3467.795007543588,352.58557803165814,0.10167428503261272
Customer_1211,6077.123062612068,980.9752213873289,0.16142099004420793
Customer_1212,9179.001005816244,1774.10004783746,0.19327811890567473
Customer_1213,5251.35196270324,431.0827902068601,0.08208986814605958
Customer_1214,5492.29716962056,813.5797187801431,0.148131044926025
Customer_1215,8509.729389904012,912.2663061095557,0.10720273986525038
Customer_1216,3799.964610948579,746.4690705853418,0.19644105853896413
Customer_1217,11489.707133211692,2306.816336124383,0.2007724226021733
Customer_1218,12433.929079807884,331.94800437716435,0.026696951723508888
Customer_1219,11462.334948328515,1145.3240525992849,0.09992065820466194
Customer_122,13212.993516429184,1964.5688944177787,0.1486846180598675
Customer_1220,4438.720368742184,,
Customer_1221,5318.330222112617,96.08904246012796,0.018067520903573792
Customer_1222,10552.69775773186,1718.0163558622803,0.1628035214600462
Customer_1223,4768.56352046527,1728.5989888847882,0.36249889122083634
Customer_1224,8984.967630278397,741.7326733169486,0.08255262610155516
Customer_1225,5137.062404948506,933.1365788624071,0.1816478962691832
Customer_1226,7135.028907320136,460.2790599516308,0.0645097680654679
Customer_1227,6377.543467519048,,
Customer_1228,3610.921602932232,,
Customer_1229,4324.634355858003,431.69982247744656,0.09982342712804855
Customer_123,10591.309120459618,2609.6693654317532,0.24639724284796483
Customer_1230,7325.095995260629,1535.9212043185232,0.2096793277947854
Customer_1231,8631.56912545386,1142.3195627124069,0.13234205115079145
Customer_1232,10645.154646196188,1047.6891194263737,0.09841934234377163
Customer_1233,15540.1624350445,2888.6725797418685,0.18588432339855376
Customer_1234,9373.072701712288,2175.1572998690363,0.2320644861179488
Customer_1235,6803.171680818752,253.538031325569,0.03726762210637848
Customer_1236,7865.19417276708,81.58855606256492,0.010373368320017073
Customer_1237,8478.133087928045,900.6402220139959,0.1062309605986737
Customer_1238,8561.97378392998,632.095263900443,0.07382588172447181
Customer_1239,8953.389490237436,1834.8730536919093,0.20493613683316372
Customer_124,10026.402453003166,,
Customer_1240,8508.92239524428,765.743644809944,0.08999302252867245
Customer_1241,10590.35341732892,149.93573196297575,0.014157764717996754
Customer_1242,6180.741673484533,,
Customer_1243,7863.490756714348,1082.561643190532,0.1376693477087351
Customer_1244,5122.833919591433,1195.544583024458,0.2333756279805002
Customer_1245,8521.539706489635,783.7830290677759,0.09197669154447298
Customer_1246,8217.309853276587,736.018129746556,0.0895692316449616
Customer_1247,4332.555901621133,,
Customer_1248,10573.981574917874,2115.10373647933,0.20002907339052722
Customer_1249,4675.3291119665955,,
Customer_125,10416.981297693366,1341.6890673866224,0.1287982601719476
Customer_1250,5995.898063295857,1080.6150296806914,0.1802257173609608
Customer_1251,9118.71409333057,504.78337011991067,0.05535685897741978
Customer_1252,8152.290851147495,2586.4801804466783,0.31727035107961243
Customer_1253,8122.912504692734,1532.273040917609,0.1886359160008668
Customer_1254,7437.847159520989,157.84236587107227,0.02122151241962837
Customer_1255,7690.474605225188,1081.7405839711278,0.14065979533124703
Customer_1256,7014.989998986529,1139.1949821127018,0.16239438435083783
Customer_1257,10420.629812556635,1082.5880894702345,0.10388893079818833
Customer_1258,16595.006270850743,1518.1084129139567,0.0914798336401069
Customer_1259,5401.69656835033,196.6282269205239,0.036401198111091576
Customer_126,15108.278992256808,1406.9008532784549,0.09312118567571528
Customer_1260,4445.0910493443525,852.6882490819585,0.19182694788844187
Customer_1261,7131.4532336422235,694.145200979543,0.09733572923186998
Customer_1262,3930.5015497279396,77.52521420229061,0.019724000416093648
Customer_1263,14939.118093824703,2638.181187207916,0.1765955105675512
Customer_1264,7700.2246337869365,,
Customer_1265,7839.851595213931,869.4181161026236,0.1108972670647727
Customer_1266,6445.925589241885,403.77991995228956,0.06264110783813419
Customer_1267,6023.557843607621,755.4526407922235,0.12541635033752227
Customer_1268,6857.732858445954,1067.3932827466413,0.155648128146614
Customer_1269,9341.98886227727,2564.119509785227,0.27447255050143343
Customer_127,13867.965410721128,2205.4487591341513,0.15903189067872567
Customer_1270,9404.31483729634,2084.4474935181506,0.22164799132962792
Customer_1271,3774.5739692131483,153.7542437050042,0.040734198073499664
Customer_1272,12967.239332616835,2017.1352420751355,0.15555625914926877
Customer_1273,10161.07536346172,1923.6896055617694,0.18931948999012232
Customer_1274,5633.585149768716,1151.6507858511663,0.204425912670983
Customer_1275,6468.740249038143,212.76048816492602,0.03289055982678576
Customer_1276,7735.250394907254,870.704915337287,0.112563248878219
Customer_1277,7888.830240419937,175.23174472331414,0.022212639818953214
Customer_1278,7200.258608545093,1965.6905452841931,0.2730027700604197
Customer_1279,12066.182445511693,1293.7401166401087,0.10722033439178988
Customer_128,13939.672888172681,1414.1147340484806,0.10144533127806082
Customer_1280,6098.396624919704,45.65171743093822,0.007485855748442617
Customer_1281,3378.9779820809285,,
Customer_1282,3618.9156046866087,190.64582197472467,0.052680372465119765
Customer_1283,8228.1865286557,661.6278256918084,0.08040992062924264
Customer_1284,7104.060403671427,1085.0531494223221,0.1527370387872208
Customer_1285,4580.155857709438,868.5190575971624,0.1896265290045203
Customer_1286,7796.984857761956,320.40510030901396,0.0410934619156081
Customer_1287,10835.083170765965,1812.9414133813812,0.16732141182569424
Customer_1288,8998.484032221832,1439.3266929003437,0.15995213057514945
Customer_1289,8940.755694308264,615.2353634830871,0.06881245663325188
Customer_129,11209.654540205931,1221.0568374603317,0.10892903372541397
Customer_1290,8820.342963856789,902.1223948026562,0.10227747361970986
Customer_1291,3294.5664981442433,832.7728876706021,0.2527716129389663
Customer_1292,5170.294275147436,727.0106059008565,0.14061300328599288
Customer_1293,12262.157603947026,2134.621843122886,0.17408207528141537
Customer_1294,6854.769538041554,1765.1935668073816,0.25751318946773916
Customer_1295,5129.166530703177,275.82520152203335,0.05377583275390737
Customer_1296,9082.55323567569,2808.0706511167655,0.30917194518462526
Customer_1297,10033.696904175804,438.78032806201185,0.043730673973159495
Customer_1298,6973.429248382843,966.4050373227716,0.13858390225252282
Customer_1299,17642.964236752137,2876.752912956284,0.16305383122433062
Customer_13,8373.56248125772,,
Customer_130,14650.69633101874,2521.6375074781968,0.17211724620483304
Customer_1300,9370.530855299112,1800.986122796289,0.19219680833533745
Customer_1301,9313.25723431277,497.7881029413257,0.05344940984850374
Customer_1302,4662.7119220248915,334.82890359874375,0.07180990573686064
Customer_1303,4007.6086437007593,155.39,0.03877374609525437
Customer_1304,5144.231004688195,1298.867198065317,0.2524900605905128
Customer_1305,4072.1595491581324,79.98225429487395,0.01964123785655925
Customer_1306,1351.3576240421203,38.92320616198187,0.02880303886217515
Customer_1307,2256.607503547041,590.1715561310294,0.2615304412501378
Customer_1308,4912.109145946884,541.2254474954279,0.11018188550268837
Customer_1309,2275.289996187118,,
Customer_131,6534.934624722604,,
Customer_1310,3724.181503122177,940.4210219495449,0.2525175051648639
Customer_1311,9418.637714935072,2206.967661711103,0.23431920077056675
Customer_1312,9568.870208040671,752.3609699313247,0.0786258935040335
Customer_1313,5846.222570630651,169.01013297021683,0.02890928816485089
Customer_1314,6836.935472703794,938.9848351881647,0.13734001716661304
Customer_1315,6521.718021219823,755.7413446934424,0.11588071459613467
Customer_1316,1481.514257337671,,
Customer_1317,5221.500996994806,987.3961476767711,0.1891019743642794
Customer_1318,6086.526172950664,1027.6795992923837,0.16884501439581898
Customer_1319,4172.221952516313,716.9747530782986,0.17184482542830284
Customer_132,11327.43132468399,984.0461812847011,0.08687284460867423
Customer_1320,8076.891488717619,286.02856532647104,0.035413198967203685
Customer_1321,5666.175441540444,1179.3125089251744,0.20813201445886728
Customer_1322,6265.33592745733,,
Customer_1323,7195.737349741161,176.5,0.024528410560503422
Customer_1324,2613.2939197559867,385.4038378041125,0.14747818256895465
Customer_1325,6165.312185840038,2086.576765807354,0.3384381362876685
Customer_1326,3222.347713692917,,
Customer_1327,4853.972652165578,365.194836856994,0.07523627820483578
Customer_1328,4566.073038051428,385.6091055595469,0.08445092803949225
Customer_1329,9968.62183472769,371.461382376316,0.03726306289223009
Customer_133,8642.95531554201,515.9211778820559,0.059692681385765306
Customer_1330,8324.192731837995,3255.6990989388883,0.3911128927237158
Customer_1331,7485.2162967511695,480.3169815522256,0.06416875111019825
Customer_1332,10338.48328719603,1757.9011260640189,0.17003472146065549
Customer_1333,8131.310228175488,802.7449626618994,0.09872270767389232
Customer_1334,13506.070654958592,3875.2948986432084,0.2869298552958806
Customer_1335,4276.36098098399,283.3046871069107,0.06624901133620445
Customer_1336,2386.8713891261987,,
Customer_1337,8286.487587699035,211.81001622136452,0.025560892233253103
Customer_1338,6983.0506707716395,355.5538381641318,0.05091669170500841
Customer_1339,7667.010088827425,93.55700942846687,0.012202541583296034
Customer_134,9375.61500830332,1143.0703256860247,0.12191950337910505
Customer_1340,3636.5455747622714,491.9581810917617,0.13528173124130913
Customer_1341,6051.918669761693,761.0446024059638,0.1257526156470856
Customer_1342,7143.6889751228755,915.0733410433793,0.12809535020771806
Customer_1343,6117.507987082359,507.95437635003793,0.08303289140326862
Customer_1344,4461.49740712858,1489.0484487636488,0.33375530968245043
Customer_1345,3295.0362648017995,765.2263011895268,0.23223607866287205
Customer_1346,6102.789892764527,1393.66932619206,0.22836593601958924
Customer_1347,2681.8800367926747,,
Customer_1348,13285.358709220089,1915.6327422964066,0.14419126981998237
Customer_1349,1908.3639601374796,,
Customer_135,6617.004170025764,1343.627157993988,0.20305671924470864
Customer_1350,6973.364011661177,1453.1469817831094,0.20838536169244726
Customer_1351,9525.916641085798,818.7456266267117,0.08594927474962537
Customer_1352,5048.05281921247,1428.8330095291485,0.28304636672800426
Customer_1353,2995.44406407364,477.31548796041466,0.15934715446206385
Customer_1354,8317.240175224846,1000.9346238735269,0.1203445617519958
Customer_1355,2211.6281948290507,320.734512900596,0.14502189547524166
Customer_1356,4276.972787300879,703.8973005427522,0.16457839120060644
Customer_1357,4161.008335110961,1399.179279596282,0.33625966758823383
Customer_1358,6392.295744291038,108.02878340216022,0.0168998412657363
Customer_1359,4860.487168685599,,
Customer_136,9517.28110003028,592.7570986724598,0.06228218883548305
Customer_1360,2431.186559322769,,
Customer_1361,5885.908001951355,745.6604304978786,0.12668570936730064
Customer_1362,3213.6673761994434,285.7645825868443,0.08892164282564802
Customer_1363,2246.154882896466,,
Customer_1364,6937.342827502132,2093.732313151295,0.30180608991255037
Customer_1365,6816.061037325513,517.5874971039386,0.07593645277962911
Customer_1366,9585.977647440415,1298.43543975365,0.13545154052183186
Customer_1367,9533.452241811785,677.7643017224453,0.07109327078284494
Customer_1368,9966.303951138125,2241.0668022649197,0.22486438435474326
Customer_1369,5046.6049349778405,2146.5731543922434,0.4253499495303111
Customer_137,8495.626310416543,2053.129197660079,0.24166896266879395
Customer_1370,8590.810524904044,2490.3443060646996,0.28988467372728094
Customer_1371,3065.300940459918,,
Customer_1372,2602.8101619539343,45.50064696597285,0.017481354434168733
Customer_1373,2997.942942221329,133.25913569537886,0.04445019076868767
Customer_1374,4315.682701545225,1169.2954705069649,0.27094101938687476
Customer_1375,5150.691059856696,1011.2484126073219,0.19633256991256184
Customer_1376,4834.852297535433,634.56406660046,0.13124787016222383
Customer_1377,5643.200220944177,167.14123914816344,0.029618165686880173
Customer_1378,2745.758224066466,878.7572362907174,0.3200417387767225
Customer_1379,4121.024692198335,,
Customer_138,10085.763068830265,1342.6441973392837,0.13312271844742055
Customer_1380,5573.008506326599,406.56878117049416,0.07295319587417615
Customer_1381,4119.592896397018,197.00522162688884,0.047821526685121955
Customer_1382,8633.756171168998,2483.1057154431446,0.2876043365383732
Customer_1383,9154.941268164377,126.4483170709107,0.013812029303849852
Customer_1384,3746.15531341737,1201.0677768268015,0.32061344934765845
Customer_1385,4490.302060312242,1173.6656792082604,0.2613778902719625
Customer_1386,5089.0701774523595,286.31181736284105,0.056260143283418364
Customer_1387,1754.8247758521188,,
Customer_1388,5693.848355542273,1740.7182064754443,0.3057191020517899
Customer_1389,769.723246356198,,
Customer_139,14298.703132097013,1571.7106343359578,0.10991980320284156
Customer_1390,6988.507493770088,2382.8145736333972,0.34096186857602423
Customer_1391,8052.725942285281,2420.8966062221994,0.30063069618574073
Customer_1392,4408.074418427317,,
Customer_1393,4092.7895797552683,469.1026483407345,0.11461684975477895
Customer_1394,4637.088047210607,1197.75538258519,0.25829903818748656
Customer_1395,8781.329785949389,1933.6775026268579,0.22020326644841973
Customer_1396,4159.750743506929,576.1944483549516,0.1385165804115426
Customer_1397,1587.9159682437153,,
Customer_1398,2110.8586266248985,,
Customer_1399,3215.807125823334,421.6834448138459,0.13112833833462056
Customer_14,12140.33517272088,445.1438113989676,0.03666651744502063
Customer_140,8647.560685286913,764.9198948388898,0.08845499010377987
Customer_1400,4415.891646600364,599.5453561060192,0.1357699427628818
Customer_1401,3276.1644399328457,294.9609559407605,0.09003240263080524
Customer_1402,2030.9683648403586,,
Customer_1403,6029.475842521428,1118.873355838401,0.18556726738132293
Customer_1404,6584.816662898358,1307.8174745190113,0.19861106868590708
Customer_1405,4775.581208721734,784.0819033965195,0.164185649688992
Customer_1406,1809.0817968098827,,
Customer_1407,7598.302633484452,1335.2226384749956,0.17572643561088133
Customer_1408,5754.270064337046,496.2263912057829,0.08623620123101634
Customer_1409,2069.3245209185793,119.77595832906206,0.05788166965512648
Customer_141,15532.979824326181,2002.6050762056502,0.12892600768523324
Customer_1410,2695.9009917949147,,
Customer_1411,2283.0239061619313,,
Customer_1412,2775.346983970134,,
Customer_1413,6968.8598268895485,484.92095240636877,0.06958397276628914
Customer_1414,3397.433347547461,,
Customer_1415,3738.811724410764,46.61460005100668,0.01246775807047442
Customer_1416,6219.609896094224,82.03142592764964,0.013189159336048318
Customer_1417,3131.1879286615135,688.9512005167754,0.22002869716327786
Customer_1418,5068.547104489164,808.4192080674874,0.1594972269965644
Customer_1419,2099.31848782087,,
Customer_142,7300.566369769436,301.188979149998,0.04125556345836084
Customer_1420,5008.011273825929,1089.0620684288272,0.2174639809859744
Customer_1421,819.6471339083089,,
Customer_1422,1842.5822360087434,99.92621923444514,0.054231619778825964
Customer_1423,1808.8170529373554,,
Customer_1424,2035.8765502593283,810.8208897508066,0.3982662355669478
Customer_1425,4556.125195768065,742.9057493334997,0.16305648273746826
Customer_1426,4610.516922986453,896.0621171427475,0.19435176838312634
Customer_1427,3943.0440411520085,593.5136666430506,0.15052169350602745
Customer_1428,5434.573438331443,740.3957392912191,0.13623805947105577
Customer_1429,7959.27213426879,878.0509592205577,0.11031799697362947
Customer_143,9362.80102591373,1773.5525288945082,0.1894254213013594
Customer_1430,3769.967105511189,509.3505996742858,0.13510743871735198
Customer_1431,1438.688832925258,,
Customer_1432,1814.5667615915359,185.20359234332682,0.10206490952192183
Customer_1433,2240.5120364111945,,
Customer_1434,2783.7326838514014,131.3618859427054,0.047189116507035146
Customer_1435,2334.731681713395,590.1715561310294,0.25277917833278335
Customer_1436,3901.735724420897,173.49985709464232,0.04446735231417897
Customer_1437,3443.261016503052,836.9091139712287,0.24305712229193327
Customer_1438,6690.828390169385,415.44840002278994,0.0620922217394179
Customer_1439,3951.3536841538025,406.10333214257713,0.10277574841532965
Customer_144,4424.82811078792,255.0363697701066,0.057637576733956516
Customer_1440,2800.3344017278177,,
Customer_1441,1073.3390623760072,,
Customer_1442,872.8952955231258,,
Customer_1443,2046.208194004277,,
Customer_1444,6913.483375624364,3487.5626394989695,0.5044580929774788
Customer_1445,3055.1802290435,,
Customer_1446,3878.394329496588,1001.7641737251581,0.2582935329980194
Customer_1447,2599.3384386442244,,
Customer_1448,7883.946983778399,1301.2124091531982,0.16504580913982622
Customer_1449,8721.476767141323,1791.6491940305941,0.20542956678858998
Customer_145,9651.20325047568,1826.2931816235052,0.18922958456330224
Customer_1450,1979.3811338886944,122.79571537770454,0.06203742840392741
Customer_1451,2838.4760255843876,,
Customer_1452,2444.146676894386,191.5764666387107,0.07838173889061933
Customer_1453,3990.434428539607,1524.347780074152,0.3820004581887148
Customer_1454,2257.702747653047,513.3569965152158,0.2273802417297257
Customer_1455,1904.8672863990937,148.5245124719273,0.07797105527109648
Customer_1456,5372.0234295173495,439.4413092304043,0.08180182290639897
Customer_1457,3343.235425404153,798.6972841709362,0.23889950378663036
Customer_1458,3583.0522368410902,176.28305006825767,0.04919912923839293
Customer_1459,5153.552148878983,,
Customer_146,4994.544860209211,,
Customer_1460,3417.5814206419886,401.343798009362,0.11743503624676484
Customer_1461,1145.6914823214747,,
Customer_1462,3299.006049985133,600.8546066801886,0.18213201115011485
Customer_1463,1609.7438327116445,,
Customer_1464,3994.8190842768327,886.7549967807437,0.22197625926813896
Customer_1465,4896.776701681239,1516.859135549766,0.30976685847834845
Customer_1466,1922.802320991416,299.66096541484285,0.15584595574043963
Customer_1467,1504.6737772287834,,
Customer_1468,2232.9348979812457,349.32076106953224,0.15644019061431058
Customer_1469,749.394403758602,,
Customer_147,8580.742768407754,1392.4356032813093,0.1622744837903689
Customer_1470,1251.9244987029606,,
Customer_1471,6197.837870021659,115.34518331056901,0.018610551893989108
Customer_1472,7600.508700134782,810.670634593128,0.10666004955415052
Customer_1473,4665.551724156271,342.85601478969716,0.07348670319407936
Customer_1474,5408.5976582389985,85.54359234332681,0.015816224047099706
Customer_1475,5468.24105126596,691.84,0.1265196602552536
Customer_1476,8733.64634648747,2364.0971658213593,0.2706884469591742
Customer_1477,3655.2604070224907,279.7424834965894,0.07653147856692995
Customer_1478,4580.493917738632,,
Customer_1479,4063.480766435067,1081.4046574120775,0.2661276672808777
Customer_148,11242.856732717744,2505.788312072214,0.2228782569807316
Customer_1480,2783.532535739212,359.05272396408276,0.12899174676567252
Customer_1481,4099.191901711157,,
Customer_1482,3932.324204579697,1568.568708613044,0.3988909934705394
Customer_1483,2514.372887568669,,
Customer_1484,2205.9303480929275,,
Customer_1485,3175.352028471667,,
Customer_1486,3962.5345940519,379.58656719412903,0.09579388095789008
Customer_1487,2471.8385954433516,,
Customer_1488,1822.2034037392955,135.11643854475588,0.07415003081845145
Customer_1489,3321.6930090213837,61.02862008477076,0.01837274544005818
Customer_149,7375.726431202056,25.067380891843687,0.00339863213822565
Customer_1490,5613.058249738132,679.4761428085055,0.1210527510275179
Customer_1491,3023.4438730616216,501.8043615177394,0.16597111856076846
Customer_1492,3227.7731099608445,61.02862008477076,0.0189073450969765
Customer_1493,2508.162751400719,,
Customer_1494,4328.046465431241,,
Customer_1495,4409.603848878657,364.39109172994654,0.08263578865992907
Customer_1496,5383.101261016288,1642.9123507181275,0.30519811369997496
Customer_1497,4021.911616173367,,
Customer_1498,2063.6271380507233,358.242226662606,0.1735983308501153
Customer_1499,1736.583849736105,91.58847749048034,0.052740601903212635
Customer_15,10930.315590830436,985.5860353819519,0.09016995229385426
Customer_150,12113.430814722044,1484.0758725447586,0.12251490888453243
Customer_1500,8253.38700375058,2248.039915947093,0.27237786316399776
Customer_1501,1050.3045020478824,100.54983424985993,0.09573398386259221
Customer_1502,3237.6939991384006,,
Customer_1503,2935.9217396855765,796.3040263310058,0.2712279471101591
Customer_1504,3217.3653596765944,,
Customer_1505,2500.1264288175707,306.5828346839361,0.12262693244234603
Customer_1506,1270.4645486563593,,
Customer_1507,3890.390608096267,,
Customer_1508,1724.9200133223746,353.0,0.20464717046217432
Customer_1509,5610.84807258152,1142.5750600539168,0.20363678454195328
Customer_151,11085.287456257112,1055.3283669510272,0.09520081198754526
Customer_1510,2855.758123710391,222.37372820902314,0.0778685443850197
Customer_1511,4272.390537143802,1043.2714370169049,0.24418915544980993
Customer_1512,4529.935564529451,,
Customer_1513,1016.652234241755,,
Customer_1514,2467.6701741944867,,
Customer_1515,1042.54653549341,,
Customer_1516,3399.0938188342725,1152.5179686993824,0.33906624239475724
Customer_1517,4632.130504137085,892.9388974836247,0.192770669281903
Customer_1518,4416.4525995185895,,
Customer_1519,2649.911179630871,869.7987899586772,0.3282369600326902
Customer_152,14809.545408011407,2169.0797736118475,0.1464649801092785
Customer_1520,4698.360555782055,113.90024382915743,0.02424255066780383
Customer_1521,5635.303397237205,1881.591857315827,0.33389362110269105
Customer_1522,1156.2283443910248,,
Customer_1523,5206.688665944448,338.08302236975254,0.06493244441156291
Customer_1524,3205.3063655573683,342.3766863141459,0.1068155886729443
Customer_1525,4939.547634377267,597.2244500522594,0.12090670933018585
Customer_1526,2984.2604930158345,321.0141436585436,0.10756907596030033
Customer_1527,3011.496329803674,875.1463303310342,0.2906018253019378
Customer_1528,2843.3815347780223,1468.1805940457193,0.5163501894093637
Customer_1529,2176.061277501608,,
Customer_153,7304.6395431793835,899.127108017206,0.123089866748696
Customer_1530,4316.505466059896,,
Customer_1531,5447.327198973304,997.2135421238669,0.18306474087178365
Customer_1532,1082.0619426727396,,
Customer_1533,4165.958838081409,392.8849030775583,0.09430839774175434
Customer_1534,3986.1513148640524,328.92483196176215,0.08251689561688907
Customer_1535,1612.568990133273,605.2978084148776,0.3753624261153949
Customer_1536,1569.6696247883815,,
Customer_1537,1947.9475680567389,,
Customer_1538,2154.0589387367145,,
Customer_1539,3407.2084268033386,,
Customer_154,7458.458330190593,416.15308716604136,0.055796126859289835
Customer_1540,3102.4858984431607,509.07,0.1640845491853656
Customer_1541,2820.4360429472486,503.5137291397879,0.17852336357666002
Customer_1542,1408.2456097067459,,
Customer_1543,1295.453936459354,,
Customer_1544,3825.57487711412,,
Customer_1545,2368.8754738603393,,
Customer_1546,3580.0424681106174,,
Customer_1547,2402.7027015578515,,
Customer_1548,3132.5596155010985,297.58875814055864,0.0949985936957037
Customer_1549,3710.6407222343605,494.43534808477557,0.13324797119863752
Customer_155,12320.725522328168,286.2143986405987,0.023230320172453172
Customer_1550,1968.4094776075876,125.59868192829477,0.06380719223164272
Customer_1551,2051.37696647357,,
Customer_1552,4309.05986762863,,
Customer_1553,3544.5830865395037,328.2378211609768,0.0926026596491572
Customer_1554,2246.424705212832,108.69059758074833,0.048383815103409264
Customer_1555,5892.180383439948,1246.1982294561076,0.21150035273165846
Customer_1556,3466.6274978629895,516.5476320652133,0.14900580820513318
Customer_1557,2566.9815063522406,216.32584611875902,0.08427245992362628
Customer_1558,3609.605088184414,511.4567865642223,0.14169328058584896
Customer_1559,3498.1666718469496,576.1058027260597,0.16468792278038866
Customer_156,12252.197028334229,1241.8171614464766,0.1013546516249021
Customer_1560,2712.206169759906,1127.1851396760512,0.41559714458426794
Customer_1561,1353.311303192796,116.75612452179318,0.08627440282685633
Customer_1562,1337.2222117565784,82.15001424273758,0.06143333061662588
Customer_1563,3270.088263772749,1181.2571114544696,0.36123095652826076
Customer_1564,5066.203926557466,243.15610283250993,0.04799571954809503
Customer_1565,633.3487794800185,,
Customer_1566,4118.670321570048,407.8226482247312,0.09901803649806769
Customer_1567,3626.1084249388705,47.259700261474585,0.013033173508117396
Customer_1568,4414.910859329928,1085.2157258347966,0.24580693934996117
Customer_1569,4439.760700871758,180.22517908209176,0.040593444382420005
Customer_157,8080.429239780877,2147.741035935661,0.2657954141052416
Customer_1570,8487.041370010087,1682.6123515686304,0.19825664542113933
Customer_1571,5944.651342700231,1518.426298972367,0.2554273095993977
Customer_1572,901.6277589217137,,
Customer_1573,2561.3727444537258,179.4040649455077,0.07004215428386232
Customer_1574,3988.8716831957095,288.1386083011925,0.0722356172837198
Customer_1575,3870.9475528755775,466.16999999999996,0.12042787809245833
Customer_1576,4003.5979737247503,57.694792915654084,0.014410735866662878
Customer_1577,2647.1884731425616,358.8567790203148,0.13556147688808287
Customer_1578,3283.7622882097157,824.4858728385216,0.25107964598985194
Customer_1579,45.624183767279945,,
Customer_158,14804.329085612675,2848.649980025864,0.19242006601935605
Customer_1580,4599.83155503903,1515.5432898059337,0.3294779975466024
Customer_1581,2718.043788321579,342.8323694104337,0.1261320258648726
Customer_1582,3334.9355124017,174.61818419043638,0.052360288089853546
Customer_1583,1072.9472090610348,193.06068224846464,0.1799349312045066
Customer_1584,2978.0099235773614,124.76069183946716,0.041893981229450455
Customer_1585,867.4300007922357,,
Customer_1586,4911.972691677452,99.41996182252932,0.020240332767114212
Customer_1587,1253.0978006673731,43.2023388258516,0.03447643017396005
Customer_1588,4751.252521934378,632.2415853545534,0.1330684030023201
Customer_1589,3339.3509979377245,424.98959004568974,0.127267121757536
Customer_159,10981.877871903582,2340.877342105623,0.21315820203160382
Customer_1590,1845.1023943846633,,
Customer_1591,1542.5599672031276,,
Customer_1592,3615.5163281961386,85.46237345779834,0.023637667680078606
Customer_1593,4109.388618518038,,
Customer_1594,1394.5531453587987,465.04947729862266,0.3334756218121555
Customer_1595,1660.5052215089847,,
Customer_1596,1744.4407419539125,,
Customer_1597,2735.0559455351176,960.2968521227084,0.3511068406810322
Customer_1598,1138.0440153344828,,
Customer_1599,2985.454152988779,,
Customer_16,8324.134195331248,1134.2898801625945,0.13626520831425123
Customer_160,13368.937590699983,2965.9976764860603,0.22185739565044704
Customer_1600,201.1916152574123,,
Customer_1601,637.1489160217043,,
Customer_1602,1533.7027513028977,,
Customer_1603,3622.703522899988,1118.7203883936916,0.3088081542753881
Customer_1604,3795.841313703127,886.0224097581884,0.23341924399200115
Customer_1605,2119.756883433704,,
Customer_1606,2999.0020402413174,,
Customer_1607,5156.638311694072,1808.48698911994,0.35071045898617836
Customer_1608,6791.172946868098,707.3546330144445,0.10415794716885497
Customer_1609,1682.3868512998613,,
Customer_161,7825.5263180764005,1632.1386180664763,0.2085659867115077
Customer_1610,3335.9815743096196,156.86691515593995,0.04702271630154417
Customer_1611,1694.6295147562137,377.52451840526953,0.22277702301176994
Customer_1612,1011.542782472297,,
Customer_1613,1795.524890563994,168.90493292916776,0.09406994791150619
Customer_1614,1750.9269933298729,,
Customer_1615,2238.6017389738536,472.91796492541283,0.21125596245725797
Customer_1616,176.84005993902954,,
Customer_1617,4883.082001213256,688.3878460157903,0.14097404996368126
Customer_1618,2070.035905394918,505.82506017795174,0.24435569395664725
Customer_1619,4827.003232480185,,
Customer_162,8032.026651853662,601.8883207410059,0.0749360462595203
Customer_1620,1084.8277174809887,,
Customer_1621,2547.2801576034453,180.22517908209176,0.0707520052492588
Customer_1622,1621.6276608348214,123.78243755720133,0.07633221888523878
Customer_1623,1071.4592321136126,,
Customer_1624,2219.636480641333,,
Customer_1625,1054.2536111247641,86.77,0.08230467421157481
Customer_1626,3172.502033290556,,
Customer_1627,1347.5625204680332,,
Customer_1628,53.18,,
Customer_1629,369.17153451961696,,
Customer_163,4803.911191864732,896.2837572230753,0.18657375655505515
Customer_1630,1662.894615090262,,
Customer_1631,267.0077872180493,,
Customer_1632,1316.1120274532243,,
Customer_1633,1824.7736388885646,439.13869144240493,0.24065378964476716
Customer_1634,185.36095346702305,,
Customer_1635,3832.293718495614,563.7786470621664,0.14711258804126334
Customer_1636,843.4352946523838,,
Customer_1637,808.2030858664084,553.0307476370447,0.6842720070094581
Customer_1638,2494.1269552503477,400.04778708475686,0.160395919799761
Customer_1639,2289.922540451527,88.46326541204874,0.03863155362216119
Customer_164,12736.85281368373,744.9404010470502,0.058487007107967025
Customer_1640,2475.9414121085615,,
Customer_1641,1848.5662296416883,,
Customer_1642,3956.440896408833,743.9669781697162,0.18803945203503414
Customer_1643,67.16070461002133,,
Customer_1644,1322.0986564068323,,
Customer_1645,3982.6942497237105,1770.792033270568,0.4446216360679488
Customer_1646,784.1105476244672,,
Customer_1647,979.1976299720602,,
Customer_1648,1984.8388664081715,839.2517821822993,0.42283119117928014
Customer_1649,1983.8744997364038,,
Customer_165,9302.930223572737,2271.5475665343706,0.2441754922313064
Customer_1650,2247.3424780348123,,
Customer_1651,1797.2184802026793,123.25,0.06857819533777586
Customer_1652,2299.6753971420558,418.45572382229955,0.18196295196371606
Customer_1653,162.00336905999262,,
Customer_1654,860.3573045572508,,
Customer_1655,1765.368957979462,468.63544491256204,0.26546034062416884
Customer_1656,2407.279388485086,1180.3431122620589,0.49032244362996646
Customer_1657,2984.6512288601157,762.8838632703935,0.2556023484062996
Customer_1659,1107.3435833865872,,
Customer_166,12910.655328273197,3201.863547602421,0.24800162859205313
Customer_1661,317.73232719559815,,
Customer_1662,1009.2820820205328,,
Customer_1663,1846.9528925966956,657.3555083906563,0.3559135216851455
Customer_1664,438.2856156249275,,
Customer_1665,3579.821854966821,1390.618291686681,0.3884601938382126
Customer_1666,589.5154852543817,,
Customer_1667,479.88697641851496,76.74635686462396,0.15992590054724173
Customer_1668,1537.6862705680937,149.9124710976244,0.09749223490318326
Customer_1669,3197.872065295901,1112.3879379133898,0.3478525454427333
Customer_167,6493.274517310217,,
Customer_1670,2035.8992907448633,763.4692552763304,0.37500344872019875
Customer_1671,135.6703099451059,,
Customer_1672,1479.1227434417442,,
Customer_1673,280.3046537264748,,
Customer_1674,407.8155161512602,,
Customer_1675,944.7787958116114,,
Customer_1676,689.7649802947673,,
Customer_1677,1223.265740695226,,
Customer_1678,258.53998207483045,,
Customer_1679,1233.9132175547184,,
Customer_168,11707.209924842966,1128.8989014046062,0.09642766369201744
Customer_1680,986.4164223474809,,
Customer_1681,1527.0642570905256,,
Customer_1682,586.5519250815174,,
Customer_1683,1373.907230275067,,
Customer_1684,400.00108616461915,,
Customer_1685,1271.754551802526,148.359762173206,0.11665754367690506
Customer_1686,1346.5538032171335,143.09221035116445,0.10626549790234462
Customer_1687,1218.3122075568017,123.93890032231185,0.10172999954655171
Customer_1688,76.74230380453176,,
Customer_1689,1694.2866818655018,1076.776193013499,0.6355336464239393
Customer_169,8879.19617846876,1060.8875929008805,0.11948013891994369
Customer_1690,171.05422375235767,,
Customer_1691,1180.6215440435235,348.0292288492499,0.2947847518157943
Customer_1692,148.83780410060734,72.21801534531066,0.4852128515447237
Customer_1693,616.6333388475441,71.2533917994749,0.1155522857921432
Customer_1694,696.2679848784205,,
Customer_1695,514.3579453036275,,
Customer_1697,443.2438828864532,,
Customer_1698,1356.1193027500983,487.2559766126071,0.35930170422653235
Customer_1699,738.3821506287738,,
Customer_17,7760.803317917642,1088.249367800488,0.14022380457548875
Customer_170,9677.88386035142,1781.3264624143053,0.18406156636287868
Customer_1700,99.66,,
Customer_1702,191.65289884359424,,
Customer_1703,377.3197781693906,,
Customer_1705,487.4907774280558,,
Customer_1708,564.5457559698485,63.1709547013576,0.11189696146565568
Customer_171,11040.429604869794,2906.149585953126,0.26322794401689403
Customer_1710,182.5501853673538,137.65085092485594,0.7540438846876822
Customer_1712,348.5914727658655,,
Customer_1716,171.8837996933266,,
Customer_1717,186.3171724040279,,
Customer_172,11573.025843968764,2210.0115927189145,0.1909622965087089
Customer_1721,753.8752755507544,,
Customer_1727,560.3591075812528,403.5230214602234,0.7201150405174989
Customer_173,7075.546545213352,256.44691136596293,0.03624411340201708
Customer_1732,158.51821205112464,,
Customer_174,5793.189865618971,414.87639673888094,0.07161450019117466
Customer_175,6954.663401533192,1246.5113907155508,0.17923389224570535
Customer_176,7098.780940159921,56.16203111229922,0.00791150362093495
Customer_177,10133.447474338122,2363.6299514978923,0.233250328428063
Customer_178,7666.254343693618,407.8324559790062,0.05319839881316952
Customer_179,7778.360330960548,873.5045093629853,0.11229931144821578
Customer_18,8711.514983331574,1190.4536589685738,0.13665288543340193
Customer_180,6004.247423323853,748.933689845164,0.12473398197014451
Customer_181,9689.9967277996,1029.7071246820867,0.10626496103223268
Customer_182,7092.887986662424,303.5118516158869,0.042791011529663976
Customer_183,7871.767231606804,1840.162075084348,0.23376733850763648
Customer_184,7929.674769578604,284.41909460190413,0.03586768724652482
Customer_185,9066.466231418728,1780.9438418480008,0.19643197210356975
Customer_186,8563.845681594159,573.5446805618101,0.06697279492021915
Customer_187,9449.945345130613,,
Customer_188,6396.539725862068,992.5146539136747,0.1551643070238124
Customer_189,13591.43513877857,3284.6268782586612,0.24166887784256777
Customer_19,6987.351350648474,574.1862505978311,0.08217509350585936
Customer_190,10835.190751716402,907.2145953081258,0.08372853012896095
Customer_191,6716.864394865597,537.7498199411265,0.08005965110032369
Customer_192,12014.684334103904,1715.2198122893215,0.1427602893752804
Customer_193,11859.32229961305,3442.797046366573,0.2903030172709705
Customer_194,6871.241243592879,668.2830038189798,0.0972579742331305
Customer_195,8398.369756032638,748.1064979330295,0.08907758525345429
Customer_196,11485.354028716247,645.642740825793,0.05621443964300319
Customer_197,7892.919422918807,1671.0731623228776,0.21171800607396973
Customer_198,8058.841368956831,660.9447636284804,0.08201486210840203
Customer_199,7733.08220478386,823.4715255031599,0.10648684492112882
Customer_2,6997.117793252647,163.18122504988926,0.02332120594100126
Customer_20,13726.179926204313,1530.4697715812913,0.11150005171209428
Customer_200,10332.284249211181,1630.1077032473454,0.15776837569792915
Customer_201,6538.06040498736,,
Customer_202,19259.34727358609,2636.40786044034,0.13688978255541062
Customer_203,6953.672678869373,1014.5231937925147,0.14589746176512156
Customer_204,9518.246939624694,1427.9245079387238,0.15001969553807637
Customer_205,8936.165532093468,443.6490642959928,0.04964646891361462
Customer_206,6856.872363240628,988.1826319605716,0.14411565209499486
Customer_207,9216.226359745213,953.8992496282847,0.10350215070614387
Customer_208,5860.001608174504,1038.3691367436863,0.1771960497920677
Customer_209,5974.215449918837,316.7063715114516,0.0530122112545764
Customer_21,9136.18632773115,503.2868308736178,0.05508718986454848
Customer_210,12504.446962004386,205.82395132529956,0.016460060324995553
Customer_211,12979.321304410434,1724.7000174410066,0.13288060114937947
Customer_212,5860.771675137024,664.5221993985529,0.11338476163772689
Customer_213,8310.379793433985,302.9033484001512,0.03644879727873262
Customer_214,5077.637982013233,634.6160790163872,0.12498253740507277
Customer_215,7426.111440971123,910.3654775909994,0.12258979478389698
Customer_216,11663.100820874435,209.5926887072995,0.017970580202151195
Customer_217,9374.436109879127,1036.6089973800756,0.11057827748035519
Customer_218,12946.426073530882,1326.3811896405457,0.10245153234623935
Customer_219,8450.138081247207,1164.5655058251787,0.13781615100581804
Customer_22,8729.968116458867,3472.6415582979453,0.39778399095763833
Customer_220,10553.694441991265,1402.0284210914372,0.13284716824025306
Customer_221,4763.31825651307,140.12576459993585,0.029417678402726178
Customer_222,5140.140005340632,971.2756807269377,0.18895899327990623
Customer_223,5779.7351567587675,488.33468666396124,0.08449084143464727
Customer_224,9050.547614261492,1183.2129127258866,0.13073384762502402
Customer_225,9857.437648577514,722.4420098932685,0.0732890265856788
Customer_226,10315.293633058487,377.0005444861739,0.03654772785894929
Customer_227,7919.2023776767555,873.2222483207013,0.11026643930482266
Customer_228,5938.256567592187,648.3060361884144,0.10917447382225287
Customer_229,7378.861836619549,469.5060608982007,0.06362852039973875
Customer_23,8211.184442767906,509.9876897082719,0.06210890685295096
Customer_230,5370.063403580545,173.34392057164158,0.03227967857065947
Customer_231,10911.188872507482,1026.9670711765793,0.09412054755684691
Customer_232,14555.999901127772,1521.476429608273,0.10452572409610911
Customer_233,13685.595927531249,1285.6663750485136,0.09394303191884722
Customer_234,8510.662373435835,1808.6479850043047,0.21251553705732737
Customer_235,9059.773180820861,1182.5981782930933,0.13053286817341092
Customer_236,7868.546300234137,401.46474401296416,0.051021463011664325
Customer_237,8314.52987893329,360.0855326424927,0.04330798468291628
Customer_238,10208.454223140427,1644.8777026226985,0.16112896885937006
Customer_239,5128.3335431814,454.689789115076,0.08866228869212858
Customer_24,9849.61523458622,,
Customer_240,9078.759079881193,2288.777913674463,0.2521025058090224
Customer_241,5403.379530973859,778.4478656839244,0.14406684950069085
Customer_242,12579.639053641322,1938.3311939900636,0.1540848020936651
Customer_243,8331.044232827624,796.1928590838781,0.09556939524418344
Customer_244,11763.181088963145,1662.4316566419557,0.14132500758674363
Customer_245,11923.452393598483,887.078196130587,0.07439776390660523
Customer_246,14004.474072097864,2958.6418094014944,0.21126404277445965
Customer_247,6783.310181016879,87.40034585418316,0.012884615847108595
Customer_248,8460.596444897601,1502.8983137313066,0.17763503123206775
Customer_249,10639.26172217915,1453.6990189270068,0.1366353283608534
Customer_25,9833.71422678403,1099.1318946893218,0.11177179541130275
Customer_250,12328.521835010451,3136.407713832062,0.2544025760594683
Customer_251,7225.937552211395,140.37058080326668,0.01942593328395265
Customer_252,8780.15903587296,443.45728673157066,0.050506748786638606
Customer_253,4595.596166553798,465.8637045882581,0.10137176716674078
Customer_254,10315.029906250445,667.8823070590092,0.06474846055989644
Customer_255,9719.725129159206,1256.346431714689,0.12925740337508576
Customer_256,13633.014631654109,2598.1293114407235,0.19057628717042532
Customer_257,7172.826777043406,320.20622920658457,0.04464156728716814
Customer_258,12840.29585235441,777.4246158598479,0.060545693401394526
Customer_259,8618.330261644693,1237.6122286940033,0.1436023209973647
Customer_26,9649.002197239704,1069.8194983720941,0.11087358842949979
Customer_260,6423.701206013384,795.8486201741459,0.12389253401592412
Customer_261,6649.066475552591,310.14,0.04664414187169408
Customer_262,4805.337500835244,385.93715490938496,0.08031426613475182
Customer_263,14672.95120546764,1098.1663179922286,0.07484290669371371
Customer_264,8233.060359572471,652.145925708905,0.07921063337652608
Customer_265,8736.845454205491,500.44107619405315,0.057279378331359314
Customer_266,7521.321267827656,338.6673727570634,0.04502764350802408
Customer_267,17568.755604231996,1259.1829428714623,0.0716717205951768
Customer_268,10366.593954984344,1600.4932472915755,0.1543894990236446
Customer_269,8542.185664093626,427.80676643244317,0.05008165161179927
Customer_27,6341.521199039077,797.7306986638075,0.12579484852698855
Customer_270,7979.781660737017,1356.823368479624,0.17003264326837572
Customer_271,5724.6412916846975,583.4543660214987,0.10191981231540093
Customer_272,7750.355344072691,828.5829368539657,0.10690902546650956
Customer_273,12572.515792880133,605.9097886693527,0.0481932016353069
Customer_274,11373.62713155827,2713.7255262750004,0.2385980738497447
Customer_275,8886.556694659508,1680.485823822006,0.18910427081750528
Customer_276,10712.911628237665,2052.1281088791525,0.19155652357572367
Customer_277,8491.872448160315,189.00050325108953,0.022256634729839204
Customer_278,10676.883776451472,1685.2430511979421,0.15784034803440025
Customer_279,13596.714262583111,1607.7180592366992,0.11824313052315803
Customer_28,10000.87286920606,1134.532863739694,0.11344338425029507
Customer_280,12386.128760457359,1670.0781435753618,0.13483455370713376
Customer_281,7597.538725685348,1944.4206058787172,0.25592769923042646
Customer_282,8372.665034508225,2476.9340094928707,0.29583579413294364
Customer_283,8643.353956259016,1573.5701850639757,0.18205550681220076
Customer_284,11607.59666902318,2097.208117313732,0.18067548150690693
Customer_285,14286.601190875428,2431.4152615448697,0.17018850243385858
Customer_286,10937.812206427963,2025.6317497081766,0.18519533079181483
Customer_287,13697.956752255901,4705.717340400187,0.343534252991798
Customer_288,11146.914309798292,385.55985715868457,0.03458893164898308
Customer_289,12196.41969461897,892.4027792191887,0.07316924159414706
Customer_29,15226.185360265014,989.3605054187758,0.0649775687087495
Customer_290,13064.07079892143,1557.3377262214049,0.11920769185895554
Customer_291,16625.699267910622,2254.394511658345,0.13559697401778267
Customer_292,6373.915654900842,105.92532687751024,0.01661856425666149
Customer_293,7170.088033883633,721.4286294836063,0.10061642563861925
Customer_294,7988.796972662551,46.19741724427727,0.00578277522915698
Customer_295,4139.570364658117,276.0224039891716,0.06667899798146516
Customer_296,23094.79634572243,2035.755015991418,0.08814777950481804
Customer_297,10451.019633003987,299.2675672421665,0.028635250698131793
Customer_298,9880.085205444766,1578.7688409636212,0.15979303904115982
Customer_299,13874.06364988446,772.6123558900574,0.05568753145344634
Customer_3,11064.24147926678,886.9726140380532,0.08016569556079792
Customer_30,7331.703655410584,157.84236587107227,0.021528743289370295
Customer_300,5975.579414150986,385.8961220546625,0.06457886261887975
Customer_301,8308.157776714917,93.06265650007296,0.011201358833229856
Customer_302,12305.999212843608,2066.2592754741663,0.16790666403729645
Customer_303,4399.774153805715,947.627314196277,0.21538089935289034
Customer_304,10927.499125204635,826.059485951822,0.07559455978783734
Customer_305,9758.02782373069,505.2165141354948,0.05177444902410007
Customer_306,11171.407218261347,2465.915364114933,0.22073453379123292
Customer_307,8821.193131673577,1476.5208804716692,0.1673833526181441
Customer_308,9619.071364865074,1353.717954595705,0.14073270726947074
Customer_309,9988.372836591634,2832.15491258385,0.2835451738654037
Customer_31,9121.863440798938,1771.419808702663,0.19419494933236067
Customer_310,10644.421079770756,331.6042095791212,0.031152864687899285
Customer_311,8246.096650691325,940.027399563473,0.11399665070438682
Customer_312,8682.248971570982,1833.8698304620366,0.21122059923262174
Customer_313,14421.258637081733,1454.5791435855454,0.10086353626897382
Customer_314,9942.02684521302,855.0292301768926,0.08600150084975682
Customer_315,9287.163782946125,429.03338864771723,0.04619638445868098
Customer_316,7935.251008979574,1674.1613646299365,0.21097774509406775
Customer_317,7126.957722993413,743.2179322267317,0.10428263518793131
Customer_318,10158.065535665517,1930.635987757281,0.19005941446023494
Customer_319,10412.504857216707,341.26499764919515,0.03277453430551544
Customer_32,9200.834836034675,1156.3443227128248,0.12567819587240625
Customer_320,12007.471067953118,2182.449570349217,0.18175763722420973
Customer_321,6523.208125686962,,
Customer_322,11774.908968396969,2601.884986853114,0.22096858615522133
Customer_323,12061.500433602392,1372.7298189314934,0.11381086677302403
Customer_324,14701.746187714602,2424.882440878365,0.16493839642699715
Customer_325,9081.265698768953,439.00411459854377,0.048341732216694716
Customer_326,13098.036179208371,2474.554750426586,0.18892563103121196
Customer_327,12818.336364863955,1982.5755204286734,0.15466714743600155
Customer_328,6938.461895619546,461.4480017823304,0.06650580614612238
Customer_329,13534.947108046345,1075.7346302590577,0.07947830321549966
Customer_33,12593.493583218771,913.8738895460846,0.07256714616219366
Customer_330,11438.750434230493,2571.5662236309504,0.22481181300498795
Customer_331,9414.27414580451,1454.0708405711093,0.1544538450921486
Customer_332,8304.26657093166,1048.204375897417,0.12622479865549624
Customer_333,14671.04125114153,2225.4682992805647,0.1516912304440153
Customer_334,11570.687593556571,949.7942735401596,0.08208624300504634
Customer_335,6327.414432260093,64.1632807577372,0.010140521289486434
Customer_336,9238.151645487453,2319.211227119182,0.2510471051048446
Customer_337,12280.872991589174,1529.422908060363,0.12453698601946472
Customer_338,10647.05205690124,1165.1359429408196,0.10943272717311436
Customer_339,25648.016155133762,6517.09715305779,0.2540975143511563
Customer_34,8029.178050785298,566.4011055200328,0.07054285033131576
Customer_340,10727.185546406785,1195.1006089756747,0.11140858930849665
Customer_341,13573.416285774047,2168.8145588971165,0.1597839860824276
Customer_342,6496.60346871111,1110.4936509373454,0.17093449773957978
Customer_343,9826.778105019333,1291.3891140834064,0.13141531235184695
Customer_344,12527.623330037954,928.9207194409012,0.07414979641139058
Customer_345,8623.607909358403,1358.3093882643816,0.1575105689569135
Customer_346,10413.200450868291,656.7683963464686,0.06307075326603406
Customer_347,10054.042747185393,982.751337464658,0.09774688273926199
Customer_348,9316.740444128101,1146.5183229237282,0.12306002617539101
Customer_349,9944.78128947411,1073.2997831305597,0.10792593138941892
Customer_35,12211.423218987722,1941.0452103668622,0.15895323383344068
Customer_350,8747.889690329843,197.49681001025226,0.022576508964049998
Customer_351,17417.319680327062,3356.7734740401206,0.1927261792083664
Customer_352,7888.523715093206,2036.1268047220121,0.2581125288152797
Customer_353,7112.685132437115,,
Customer_354,7108.584627290407,528.8764256896518,0.07439968058609786
Customer_355,5787.754122393278,605.5448047402739,0.10462517790750185
Customer_356,14284.415812950412,2637.140021793477,0.18461658189777816
Customer_357,12959.263840989724,1420.7154526087027,0.1096293331196041
Customer_358,10530.595982586616,1552.9464980095406,0.14746995332244173
Customer_359,17815.62902560596,2980.157258117713,0.16727768937231502
Customer_36,6301.053720562048,965.5932009592676,0.15324313103509576
Customer_360,8907.191008893837,545.4725648490174,0.06123957197104707
Customer_361,9830.606458062193,598.7371023453337,0.06090540852180107
Customer_362,9166.328068395915,48.79260027024126,0.005323025742278483
Customer_363,9360.267885644897,196.83930076782624,0.02102923796333897
Customer_364,11036.634792597895,2010.295269575909,0.1821474849312024
Customer_365,10454.129407230917,1717.1085426230686,0.16425170147935783
Customer_366,10660.968579595765,529.585655321785,0.04967519145824792
Customer_367,8863.897664230286,579.2770311261359,0.06535240512351273
Customer_368,8727.900737604625,1184.648947663917,0.13573125809735598
Customer_369,7310.178813569681,202.39429895952048,0.027686641342318685
Customer_37,10342.263311652343,95.6104892848308,0.009244638857445168
Customer_370,10479.473876913757,388.2303816429144,0.03704674358683068
Customer_371,9329.394638198883,2128.586934448966,0.2281591696993437
Customer_372,14268.168841110326,2196.551570517208,0.15394768557744903
Customer_373,12206.341750374388,2291.1423578381878,0.18770098402069685
Customer_374,10176.177766896528,1704.1196313359424,0.16746166098625997
Customer_375,9374.69009437419,1299.798268930216,0.13864973197463168
Customer_376,8275.295773966554,571.6274548653097,0.06907637750708631
Customer_377,9046.361598599093,1227.2833475615962,0.13566596185494637
Customer_378,9533.219698557938,1134.9349006442922,0.11905053450262669
Customer_379,9180.275311094101,706.4114158077239,0.07694882690000003
Customer_38,8748.736178144078,1891.0129801136934,0.21614698873167362
Customer_380,14195.709828640567,901.2970818413372,0.0634908076257606
Customer_381,11162.311655156847,3233.9133027449648,0.2897171663587208
Customer_382,11457.980391132387,2950.636052805614,0.2575179876454653
Customer_383,11093.40199222787,1840.6578368510802,0.16592365787705707
Customer_384,7891.885545433702,1086.028284852817,0.13761328374575837
Customer_385,9647.233815609707,1599.5274630236581,0.16580166849854336
Customer_386,10315.806044644414,304.1674663278626,0.02948557437116367
Customer_387,6294.779754848351,180.46737206062818,0.02866937034955496
Customer_388,14316.751872464043,2017.4115346846484,0.14091265621253193
Customer_389,7928.334192216062,80.53952605846852,0.010158442379679354
Customer_39,7291.628843033342,300.1366947804919,0.041161817371882854
Customer_390,10610.356305829564,948.8137650330116,0.08942336502985412
Customer_391,8960.861419231638,1620.2996657233364,0.18081963216682256
Customer_392,3883.033484197538,402.4296247307138,0.10363794862147044
Customer_393,9567.523902906256,805.6556418323124,0.08420732992238299
Customer_394,10559.034374088034,1053.4217303136018,0.09976496836668211
Customer_395,10386.102455134747,505.82062679260713,0.048701678900012806
Customer_396,7302.886493883266,1950.641610061563,0.26710556321741774
Customer_397,8975.49831585576,108.69059758074833,0.012109700626731756
Customer_398,8191.966696901087,805.38758645233,0.09831431404097352
Customer_399,10797.182863407375,1205.5983708395624,0.11165860447964106
Customer_4,7458.199626397055,468.2280640644554,0.06278030724831234
Customer_40,15650.224912896834,1391.5919571128327,0.08891833598928457
Customer_400,6934.944781291637,523.3081847299785,0.07545960367870616
Customer_401,8447.461535353215,1808.5124843739616,0.2140894606983661
Customer_402,9826.92235635752,3329.1132791637096,0.3387747616638023
Customer_403,11451.221344044716,1158.646979030719,0.1011810831543555
Customer_404,8726.517590314626,1434.7624790701673,0.16441409350536107
Customer_405,12875.65827355271,3632.338980282118,0.2821089922635751
Customer_406,12953.255302875805,863.3198678067379,0.06664887301457485
Customer_407,8970.838440238998,764.8746470394824,0.085262336640532
Customer_408,10518.069939906914,1839.7018931270986,0.17490869557227723
Customer_409,8352.011782355692,1774.6326343511305,0.2124796612596006
Customer_41,10016.33525517133,1278.8710989221304,0.12767854373303475
Customer_410,9519.296255925577,480.6201624646061,0.050489043469513765
Customer_411,16901.681674035553,1337.1821218992272,0.07911532992325923
Customer_412,10198.317162318812,503.78619381803986,0.049398953356682325
Customer_413,12699.522337422222,819.9086578977751,0.06456216510456582
Customer_414,11397.218319774427,1224.9790260185437,0.10748052653279247
Customer_415,9132.903276775885,1483.5121365609175,0.16243598465926487
Customer_416,8789.12343828171,1474.412465835336,0.16775421077981656
Customer_417,20897.00475001162,5266.537806208523,0.2520235731968044
Customer_418,7084.147004624752,795.4036892683702,0.11227938787113054
Customer_419,11432.313610652303,167.504388220218,0.014651836358315276
Customer_42,4997.967230848,155.43595899130378,0.031099835555530666
Customer_420,13208.249113114563,545.8786458730541,0.04132861526143138
Customer_421,8276.19812682378,354.74108472029286,0.042862807207400024
Customer_422,13081.251800361904,439.409832142876,0.03359080910977643
Customer_423,5490.50882888832,46.89482230776969,0.008541070376033731
Customer_424,8046.337556998405,878.0474601949671,0.10912386585512736
Customer_425,8746.185562099994,1315.0826911302254,0.15036071231199316
Customer_426,11059.943265404281,2323.1550088982667,0.21005125913847505
Customer_427,10801.751277014484,795.9127164717587,0.07368367369885807
Customer_428,7425.875393378056,1826.2815072626477,0.2459348441116066
Customer_429,4947.635170791466,,
Customer_43,12329.03877868917,825.9918776869754,0.06699564276776453
Customer_430,9433.298017616427,1229.3963504340613,0.1303251893598821
Customer_431,8990.72158017751,428.1763882821994,0.04762425178711247
Customer_432,14999.560210186064,2420.1112740444846,0.16134548214293704
Customer_433,8452.186597851778,43.49645698814605,0.00514617803151686
Customer_434,6881.608784368812,325.97232673207384,0.04736862221411099
Customer_435,12493.297372616731,1509.3218297378282,0.12081052621432156
Customer_436,14241.549790832602,214.0987951002574,0.015033391607286624
Customer_437,10423.62265785851,1774.8776863058124,0.170274552769589
Customer_438,6637.663956404207,520.6908527995016,0.07844489510456827
Customer_439,7836.240428806159,567.040683284004,0.07236131770530577
Customer_44,11067.34770746131,1008.2739220646878,0.09110348285027103
Customer_440,16573.919281443286,1330.496107899835,0.08027649256078512
Customer_441,8454.253978125838,1888.689164273998,0.22340104391951182
Customer_442,6377.810082969646,1299.9237916388033,0.203819771164075
Customer_443,16492.100013299885,1769.088142490041,0.10726882210654665
Customer_444,11680.43793689725,1223.437717678592,0.10474245266214578
Customer_445,11051.464028580658,1367.63997562934,0.1237519275357933
Customer_446,7987.792450320835,1004.4273446053214,0.12574529832268963
Customer_447,9070.375815509025,902.2166598497115,0.0994684981307006
Customer_448,13349.702620002166,562.0787531276908,0.04210421528682708
Customer_449,10355.237318776151,676.2002633345999,0.06530031543637453
Customer_45,10197.07690122868,323.1160750735403,0.03168712741929081
Customer_450,9670.06257291193,1132.2409847699853,0.11708724491004359
Customer_451,10399.684328465792,2100.958570817006,0.20202137915535645
Customer_452,5756.280985488824,164.92255014403037,0.028650885973042044
Customer_453,8027.965152035021,1688.0321799107207,0.2102689969304138
Customer_454,5262.991260343348,499.8420968161742,0.09497300529120875
Customer_455,15861.861573571494,2208.258315747983,0.1392181053595443
Customer_456,7781.595329945209,579.7630362777488,0.07450439295483526
Customer_457,10065.386781964244,2108.019383869887,0.20943252649239083
Customer_458,10717.784601589665,514.3496601292183,0.04799029643242968
Customer_459,7668.589602168124,1658.8952097208883,0.2163233783239453
Customer_46,13236.964553211938,1708.3144272761235,0.1290563573248825
Customer_460,11329.897647787177,2146.1718504079786,0.18942552855516254
Customer_461,10011.829096786758,1121.578859808759,0.11202537008634353
Customer_462,10730.360963734409,539.2989651081239,0.05025916340846334
Customer_463,11032.494146093919,607.9744019306368,0.05510761155906813
Customer_464,13668.121768669753,832.0870025231376,0.06087793309176234
Customer_465,13511.926881825326,1353.955966891867,0.1002045066357672
Customer_466,10396.400371686173,906.1853808958954,0.08716337852511184
Customer_467,13390.991307456243,2536.950302645045,0.18945201623963753
Customer_468,13305.930263130685,2601.106298940756,0.1954847385716536
Customer_469,16766.525399896873,2284.0418090356047,0.13622630536495375
Customer_47,8824.16667685008,2822.201722432169,0.3198264295977234
Customer_470,9497.33679210551,698.3269311253822,0.07352871088091283
Customer_471,10709.941077488977,1425.9944767080067,0.13314680878172874
Customer_472,10432.42313662007,838.4058958815035,0.08036540359818391
Customer_473,10408.651131179242,2143.000643172523,0.20588648962910652
Customer_474,9202.278849261498,442.4236042156939,0.04807761332413865
Customer_475,5593.362405270375,91.01113354370965,0.016271274226385534
Customer_476,9247.779149542566,925.6948030941519,0.1000991468465097
Customer_477,11447.147089520226,2128.104724066263,0.1859069956403833
Customer_478,9038.503356668314,237.353379399481,0.026260252392822248
Customer_479,11112.472233875906,1042.3359041204576,0.09379874092669858
Customer_48,5342.391825799882,175.09943499359863,0.032775475985867455
Customer_480,14516.265000195364,1701.9023517999876,0.1172410638533454
Customer_481,16119.981062194187,2184.4946871199527,0.1355147179572808
Customer_482,9633.149305415263,1873.5026098568642,0.19448495507109778
Customer_483,8291.110493183876,676.0139313530901,0.08153478739776068
Customer_484,13651.773645732643,1051.822432949556,0.07704657726128805
Customer_485,5597.951903626483,,
Customer_486,10295.564513068284,644.5225648061611,0.06260196456328944
Customer_487,7243.823506203012,93.80927655344108,0.012950243262154382
Customer_488,10736.248881259442,1201.322890237178,0.11189409853697932
Customer_489,4875.799523846822,163.57518322440433,0.03354838163964331
Customer_49,8520.310698373745,1382.4284333832402,0.16225094158210704
Customer_490,4042.084121578165,,
Customer_491,10292.121443883223,888.3250235328101,0.08631116804988308
Customer_492,9091.931279921115,579.3989556095845,0.06372671963427022
Customer_493,19503.151180249548,3283.7352143376756,0.16836946932263175
Customer_494,14549.482067400995,1577.653748188032,0.10843367075745342
Customer_495,13701.943273575576,515.513792229187,0.037623407274161164
Customer_496,12178.83025529654,3548.317049223013,0.2913512196854751
Customer_497,10146.08848483599,322.8752359117133,0.03182263158795352
Customer_498,3445.829238582033,,
Customer_499,11718.380931564161,2225.418666810489,0.18990837384507533
Customer_5,7689.978804422366,311.72,0.0405358724552967
Customer_50,9525.96418867585,764.4159390472496,0.08024551886894156
Customer_500,7952.514071916183,,
Customer_501,21112.140098017328,4909.764785355866,0.2325564704743954
Customer_502,11296.40468314574,2013.0187450835604,0.1781999495898893
Customer_503,18180.36762335782,4051.6025802435875,0.22285592151822933
Customer_504,9331.691420065794,209.12014081172657,0.022409671665959585
Customer_505,6741.2769898669685,453.78715862199726,0.06731471786489406
Customer_506,12234.179282041967,2180.510925652896,0.17823107503856636
Customer_507,11390.854836595041,1912.3460703336477,0.16788433333290437
Customer_508,19272.79349877878,3169.4569802531523,0.16445239142182397
Customer_509,10108.054531689582,205.34796593303878,0.020315280778240366
Customer_51,8215.500039635961,44.94255848143406,0.005470459286057714
Customer_510,16254.641693424479,3910.1733186663178,0.24055733693890696
Customer_511,9403.866865916603,807.0518953145958,0.0858212804181306
Customer_512,10824.142283090674,1169.9949253948662,0.10809123668141504
Customer_513,7293.121335423453,1147.9342365288526,0.15739958019801698
Customer_514,19070.52766278932,2051.9973461414565,0.10760044936487742
Customer_515,11970.136395564816,1696.9978331165019,0.14176929794595114
Customer_516,10415.743007831426,1459.446430227781,0.14011928185348344
Customer_517,21830.276292969873,3530.582511349673,0.16172871401021371
Customer_518,11107.555419935152,931.9906277958106,0.08390600744814936
Customer_519,18846.38663067507,1342.0081324543264,0.07120771523757369
Customer_52,8728.072849681908,504.6634574350249,0.05782072012075577
Customer_520,15169.327131450082,2013.7547456614348,0.13275175149241664
Customer_521,21210.292629878957,1910.3549385445049,0.0900673541794226
Customer_522,5694.782438118154,88.31772401968728,0.015508533465392922
Customer_523,10213.20397875739,899.9260724644673,0.08811398208987485
Customer_524,13060.710066462363,1481.1312278908238,0.11340357609607396
Customer_525,15384.112009081542,686.3364121174695,0.044613326509343645
Customer_526,11698.020257502772,1984.051715159237,0.1696057684535743
Customer_527,13057.09011126006,1286.5682691357274,0.09853407291922017
Customer_528,26459.730867089005,5633.533320926755,0.21290969848577804
Customer_529,11972.39763172955,3021.2769037561234,0.25235353825444784
Customer_53,9104.343977902387,1579.2948025698952,0.1734660736021268
Customer_530,17095.506503962137,3100.0404922173407,0.1813365688521051
Customer_531,5552.440744346816,310.6171681897162,0.05594245530777959
Customer_532,13342.538628207993,1113.1305053783735,0.08342719001203114
Customer_533,11616.448460290643,1635.1482103700694,0.14076145699433146
Customer_534,7808.996921612079,1336.6877038030675,0.17117277893959312
Customer_535,15589.736997030413,724.2511318433674,0.046456917905755894
Customer_536,10307.803603465949,994.7155809909249,0.09650121589981173
Customer_537,13558.733175812142,932.4468848599583,0.06877094436251464
Customer_538,12539.559720402753,2096.4084178858025,0.16718357459351602
Customer_539,12339.820607349984,1323.909406511345,0.10728757318585191
Customer_54,11793.490588723416,1889.0411196487323,0.16017659109805685
Customer_540,22078.686150686273,7012.4045517880595,0.31760968492095226
Customer_541,12507.266918145295,2036.0019767308486,0.16278552221325487
Customer_542,19126.116764751652,3800.731186405222,0.19871943861650757
Customer_543,12598.859541042231,1311.9233656839588,0.10413032714669275
Customer_544,18748.61160132293,4094.6955873991083,0.21839993672439087
Customer_545,13918.136125408775,1789.6127885107649,0.12858135402510326
Customer_546,14462.48877404672,1960.4478957197164,0.13555397873412955
Customer_547,12052.832130120865,1455.2955208211165,0.12074303409438782
Customer_548,18850.02652726871,3060.1012630715827,0.16233936109558242
Customer_549,17090.886266415506,3216.080344135781,0.1881751650559836
Customer_55,7137.095113323747,384.3097240485986,0.05384679872503835
Customer_550,10564.591319316089,2344.8711498467715,0.2219556894320612
Customer_551,5371.634032451993,76.81194759558363,0.014299549658732286
Customer_552,9801.664611253831,913.8078417544248,0.0932298622731114
Customer_553,9395.82957973619,70.1,0.00746075686080805
Customer_554,9720.777080717897,546.5470895778245,0.05622462947555434
Customer_555,15471.797411454647,2283.3507732552666,0.14758148084105424
Customer_556,17007.082458247063,2116.5808785939757,0.12445290859206747
Customer_557,11112.93238392936,1526.1381500801033,0.137329923134157
Customer_558,8442.17903109404,1046.7292190976577,0.12398803854341027
Customer_559,12714.886733538557,1571.6311673656237,0.12360559714779608
Customer_56,7882.60678468705,653.1401990112948,0.08285840164957885
Customer_560,11984.706035616358,1166.9367052748082,0.09736882171384809
Customer_561,14542.679952711871,1385.8728816990715,0.09529693881770661
Customer_562,11038.612941162195,371.1959224961744,0.03362704394788692
Customer_563,10904.382837927775,483.6407371396411,0.044352875749871436
Customer_564,10889.717066577157,1539.7163827618679,0.14139177109454779
Customer_565,14539.570301364744,3115.7121835290536,0.21429190264560982
Customer_566,13522.956089222858,3566.7692152153068,0.2637566218275196
Customer_567,11641.027578464913,1842.6097708803122,0.15828583503135166
Customer_568,10722.546991097677,1733.5868129881028,0.16167677459724836
Customer_569,22745.75471054711,2154.348231126188,0.09471429981293282
Customer_57,10668.60076342581,584.2614449612852,0.05476458046534606
Customer_570,18204.91644913907,2179.5876731492754,0.11972522253747286
Customer_571,23383.609607280512,5782.326631155461,0.24728118234385538
Customer_572,6665.946551261384,46.094055024586055,0.006914855177748727
Customer_573,11254.573737929815,1331.3950427341122,0.11829813138520617
Customer_574,10713.955410995706,1600.434493980196,0.149378491190814
Customer_575,10051.911968454042,1585.5421099531925,0.1577353756110386
Customer_576,6998.121749374716,128.1893089494375,0.018317673447291946
Customer_577,5745.335416110313,47.81129961862605,0.008321759506774818
Customer_578,10435.40516913624,1542.211541968509,0.14778645553023229
Customer_579,9334.398973298217,1107.1288163478737,0.11860740252424423
Customer_58,8166.613933727581,,
Customer_580,12380.64458464792,1037.853782700588,0.08382873570149436
Customer_581,21596.200488320683,7199.962581114205,0.3333902454280315
Customer_582,12465.821599175775,974.4570307831718,0.07817030133397719
Customer_583,7345.90920243203,797.326724010018,0.10854023675463412
Customer_584,14121.536753482069,1686.3334022971958,0.1194157145737968
Customer_585,11386.20256013926,3314.1132968229986,0.29106396793124195
Customer_586,8798.030183386109,524.8171145845522,0.05965166107017891
Customer_587,24703.099363037847,7092.8171617830385,0.2871225613250662
Customer_588,12283.56537956607,1576.1754725650167,0.12831579625790185
Customer_589,10465.981705927761,903.2012691845142,0.08629876246324372
Customer_59,10471.310258567964,968.20191127271,0.09246234591134342
Customer_590,11721.222376608323,1408.2468010281534,0.12014504595003228
Customer_591,12531.02910683797,2704.7557117532724,0.2158446595800606
Customer_592,11606.594540332255,1946.7225355816145,0.16772555712331164
Customer_593,14637.515396825038,3091.1751563758,0.21118168436197127
Customer_594,15022.361592659025,2717.3729938040974,0.18088853586988585
Customer_595,11050.28102854933,1063.3379369406175,0.09622723025716672
Customer_596,7449.604462128265,163.45559883002915,0.02194151376237387
Customer_597,9639.904951826562,634.9011037483634,0.06586175972907937
Customer_598,11750.525639428568,1375.5580313270598,0.1170635317548189
Customer_599,9710.789725120578,1353.6732626993644,0.13939888526239877
Customer_6,4246.367999343898,483.2210740359068,0.11379632526209899
Customer_60,7811.532342185027,1626.1059547892155,0.20816734586217744
Customer_600,11192.969740674158,477.7078418592422,0.04267927573531255
Customer_601,14337.904978630517,1392.9551064548716,0.09715192760246062
Customer_602,10028.098532732618,1583.5117222716804,0.15790747539056935
Customer_603,13750.764408440977,1322.0579814302898,0.09614432639241044
Customer_604,8455.867481262325,731.9821262616902,0.08656499500302209
Customer_605,15729.005769084528,1429.6180042545789,0.09089055120473687
Customer_606,7164.405509712268,643.9218203375528,0.08987791373124182
Customer_607,15420.157140375462,1086.3372727969402,0.0704491700640665
Customer_608,23352.52560465268,7682.57326188898,0.3289825431283685
Customer_609,13574.864237366071,3075.7923484262,0.22657997123535104
Customer_61,11677.398326660552,2658.4316813204437,0.2276561616683919
Customer_610,18282.881404964424,4065.162132625004,0.22234800098419794
Customer_611,10822.296347194693,1285.8659041181259,0.11881636418609459
Customer_612,22721.85835518889,3590.8378088182653,0.1580345125247311
Customer_613,11621.697621315468,1335.597021957381,0.11492271314198965
Customer_614,21625.987837891866,3675.1657041947183,0.1699420961365425
Customer_615,14148.450908040058,1618.807522497557,0.11441588432678851
Customer_616,13056.78710270155,1051.3186235720912,0.08051893741566524
Customer_617,6926.482059755558,484.55727346266434,0.06995719750406237
Customer_618,15610.399765850781,743.469952844067,0.047626579972056673
Customer_619,9963.298328625457,456.2793720622428,0.04579601624005486
Customer_62,8586.303550732653,307.13226043129157,0.0357700212456482
Customer_620,10061.585630985637,469.9652432532016,0.04670886483397783
Customer_621,12494.312900629922,1184.9227922105695,0.0948369711591607
Customer_622,18519.95376773155,2875.036126055415,0.15523991917651364
Customer_623,12831.052111977617,1318.2949261146507,0.10274254321545775
Customer_624,11018.23545110493,2233.109817970795,0.20267399692814284
Customer_625,10183.154859550039,292.35573200713867,0.02870974035447959
Customer_626,9947.382780529733,1339.631839812731,0.13467178949168687
Customer_627,17359.729563185596,3096.2880763729772,0.1783603866121975
Customer_628,12732.237172804704,1812.1873813914222,0.1423306333989871
Customer_629,12317.543208935615,848.943690055678,0.06892151102338508
Customer_63,8582.63435184832,709.7892218635669,0.08270062462939594
Customer_630,19748.567568290313,2741.560166822967,0.1388232416018369
Customer_631,11510.142769149415,1005.5830725199779,0.0873649521720302
Customer_632,15105.085276150887,2763.312527392086,0.1829392205918244
Customer_633,12244.710765948434,1515.935559030986,0.12380329662393351
Customer_634,5836.501468417288,381.8960487299903,0.0654323571743315
Customer_635,8226.345415774655,1892.670152991605,0.23007423799178955
Customer_636,18064.529815663904,3981.316862567456,0.22039415933844142
Customer_637,20173.228125390135,1380.2861724630984,0.06842168064940796
Customer_638,11551.275462761203,1830.79829956394,0.15849317293713885
Customer_639,14430.69922569888,1999.6684940595196,0.13857045059177828
Customer_64,12080.44847351059,1084.2786705398512,0.08975483591668006
Customer_640,24634.834557032325,6620.8958769302,0.26876153203310965
Customer_641,9284.339522856886,678.5477461940111,0.0730851930310725
Customer_642,12754.209174596215,1994.3345338504605,0.15636677323928233
Customer_643,21882.43867182227,3268.7725234300465,0.14937880427555827
Customer_644,18868.617603527353,2491.3924646881305,0.13203895044342742
Customer_645,15484.857421113247,662.5066611985156,0.042784162823172205
Customer_646,14611.73428102367,1399.6635935028557,0.09579038097624083
Customer_647,13296.74952294088,492.6373545415088,0.037049457364866624
Customer_648,12607.28201769668,2252.4271441069873,0.17866080420389457
Customer_649,8725.225010944698,1566.9462950882157,0.179588067141269
Customer_65,7586.765215685003,544.4494049015406,0.07176304912875608
Customer_650,14684.201426448477,2255.8717460347584,0.15362576966368705
Customer_651,13448.561129814936,1249.6889183094536,0.09292361511737801
Customer_652,11785.181785407196,456.71171710779504,0.0387530481433312
Customer_653,11386.465538020442,1947.0563812823677,0.170997433293147
Customer_654,38781.08060009153,10587.75960002179,0.2730135271165394
Customer_655,10966.339008602146,1984.031552277311,0.18092013667651616
Customer_656,22827.214518149074,3932.167121448848,0.1722578599470613
Customer_657,12502.050688574873,1397.018949302656,0.11174318390656791
Customer_658,13326.3516568911,1917.0291503688895,0.14385251115428788
Customer_659,11881.593579399077,1305.8632524389589,0.10990640638500986
Customer_66,8825.626263030888,1517.2919672404432,0.17191890093920387
Customer_660,15434.260475023018,898.0478042170399,0.05818534718073044
Customer_661,17329.878616611055,4585.633470052656,0.26460851639533295
Customer_662,10296.575268376066,1306.912325210627,0.12692689473407287
Customer_663,19672.77727121118,4144.983579768645,0.21069641172801493
Customer_664,14577.69101265176,1508.7154518952075,0.1034948161945411
Customer_665,9575.362312268859,894.6925534581626,0.09343693995910714
Customer_666,12579.309394817146,1300.9526864718573,0.10342004045213073
Customer_667,17765.36765161427,5558.4816336117765,0.31288300600447744
Customer_668,13994.300851179154,1443.978252724086,0.10318330783937783
Customer_669,10598.98952061182,612.6553062493533,0.05780318067660361
Customer_67,6537.840062869924,,
Customer_670,13125.030457417073,1209.4807536488388,0.09215070072202006
Customer_671,19387.134482677233,1551.0598388986339,0.0800045948143876
Customer_672,13784.390304426382,4338.248187122845,0.31472180425199986
Customer_673,3051.9560458100764,135.15799190383265,0.04428569411718308
Customer_674,10247.837084976512,139.71290775511204,0.013633404453700121
Customer_675,15882.542002784032,4426.472458890824,0.27870050386864476
Customer_676,8666.285795181266,276.6678094386429,0.031924611763032226
Customer_677,15061.472441707983,2763.4564974158284,0.18347850836703786
Customer_678,11813.750848784077,1630.9374229867406,0.13805415772371768
Customer_679,18018.171400259485,2011.3821988275802,0.11163076175413747
Customer_68,8086.489049452508,511.11811910774514,0.06320643186208855
Customer_680,14079.041568868808,4141.683977365855,0.29417371609469734
Customer_681,8757.633064937594,,
Customer_682,10786.773866754083,1036.7383552684992,0.09611199493704327
Customer_683,5306.453368791543,734.7106321030113,0.13845606114698217
Customer_684,10265.824398062932,2396.8853051683245,0.23348200906500943
Customer_685,12401.734899453919,1067.6014681507945,0.0860848483543866
Customer_686,17957.028842382188,2609.40493214112,0.14531384646341944
Customer_687,19434.687413574564,3733.865044858294,0.1921237509716929
Customer_688,9883.578909768845,1272.3702777446174,0.1287357838046922
Customer_689,14295.332258377366,3733.052665415783,0.2611378733941728
Customer_69,16796.461670759258,3621.581853332339,0.21561576029057977
Customer_690,17485.34432556368,3968.7104811331837,0.22697353893860153
Customer_691,12149.973012103044,2548.3328296663217,0.20973979342405383
Customer_692,18893.17162557146,2306.7967601517666,0.12209685096119975
Customer_693,10583.136409485254,561.1478358777258,0.05302282935470725
Customer_694,7359.707687968798,613.0847672761063,0.08330286925367157
Customer_695,10777.56202924865,2420.8878944980647,0.22462296091900436
Customer_696,13020.782460784249,1585.2748937099489,0.12174958751399545
Customer_697,13345.618648753278,1549.42670705841,0.11610002861899209
Customer_698,18990.93718532976,2778.952365508206,0.14633044901306447
Customer_699,8308.43620711703,807.0944632409306,0.09714156107373986
Customer_7,3495.4814790500136,318.8138408279349,0.09120741813072936
Customer_70,14491.280289287957,727.4783404449522,0.05020110893740069
Customer_700,8231.224594238398,1476.5918615425674,0.17938908659789649
Customer_701,9358.83785742208,1367.892638600262,0.14616052328713514
Customer_702,16708.36519281951,3025.494254687118,0.18107661759675547
Customer_703,17389.017669198827,4224.289096201648,0.2429285642560553
Customer_704,14702.006741302519,1560.8247227666113,0.10616405979340006
Customer_705,10047.821758142409,2399.9889498529787,0.23885664053585648
Customer_706,15257.97858957826,1348.6970230181219,0.08839290310312335
Customer_707,10838.190458162373,1476.9047976868653,0.13626857761800915
Customer_708,11606.52727930312,3555.3877542464597,0.30632657544229136
Customer_709,8250.558965249578,982.8663302521754,0.1191272414865341
Customer_71,10072.291620516276,774.2488670600942,0.07686918689715305
Customer_710,11432.0514483127,2360.3479059806045,0.20646757204097232
Customer_711,9694.7037040478,577.848107067224,0.05960451445524392
Customer_712,7899.5415793740285,1350.353935150863,0.17094079720735733
Customer_713,17633.954260462036,3045.569840414224,0.17271054440936412
Customer_714,6533.67030908588,766.6700953858044,0.11734141135337889
Customer_715,11166.309577156155,1745.6402180269438,0.15633098885222962
Customer_716,17699.519170686504,3417.477702038227,0.19308308147139766
Customer_717,16703.434674926888,2803.3838591411004,0.1678327789283476
Customer_718,21999.157898825673,2707.225621304701,0.12306042048315012
Customer_719,10709.524600972814,1161.8142358635828,0.108484202534821
Customer_72,9329.57962773078,879.5155790901624,0.09427172650694078
Customer_720,11137.619423921404,2600.9655805152565,0.23352975905505416
Customer_721,13497.574714715174,1164.5271403473018,0.08627676934269711
Customer_722,10978.32025572193,1231.4910333209298,0.1121748140549164
Customer_723,19945.501127387968,1945.9640098628834,0.09756405704897543
Customer_724,10560.789897559545,1354.9941556845454,0.12830424322688835
Customer_725,9751.595286174359,658.7426234024467,0.06755229314493809
Customer_726,6832.1243709866,795.796659060243,0.1164786552246743
Customer_727,11518.571803145562,1236.386743383072,0.10733854548229946
Customer_728,26053.464063928022,6519.08897344343,0.2502196620552024
Customer_729,13606.94921040187,1668.9197979215567,0.12265201935535604
Customer_73,12724.089061816943,2124.6235823108123,0.1669764783937645
Customer_730,12309.87704270217,1488.8555461080261,0.12094804366796534
Customer_731,8984.415583770957,564.444998547978,0.06282489865757836
Customer_732,6415.623656316368,321.0806065465645,0.050046671024796055
Customer_733,20295.4563153913,2676.6066434292106,0.13188206275506967
Customer_734,14225.08974067853,2357.3483501775236,0.16571764348427084
Customer_735,15565.576669550986,3960.94084561247,0.254467979548793
Customer_736,7347.757220139717,3125.029860207316,0.4253039079246951
Customer_737,12533.727498619515,769.991004208559,0.0614335204186757
Customer_738,15159.860323487928,1826.6538391233619,0.12049278820156648
Customer_739,9753.373778153042,811.8565991853419,0.0832385405964704
Customer_74,10400.768300937712,612.7033979697475,0.05890943632640171
Customer_740,16661.492528970608,4233.314865963893,0.25407776995987036
Customer_741,13346.896628361414,2432.983871611288,0.18228835806230287
Customer_742,16628.367483442587,2489.528460485673,0.14971574707887458
Customer_743,8214.758127892495,414.96348442592034,0.05051438861199674
Customer_744,4890.330411326162,341.19819265383046,0.06976996725284748
Customer_745,12464.806236724147,550.7697210728879,0.0441859833689348
Customer_746,15351.7897809541,2525.5803740674273,0.16451374140106712
Customer_747,19606.521597072802,5108.348027382259,0.2605433096375912
Customer_748,9813.740620367376,1292.7853325254155,0.13173216844985455
Customer_749,13534.960829805308,1527.0193318215893,0.11282037318194105
Customer_75,14574.097513900244,2144.354026311866,0.14713460125175226
Customer_750,18022.953768562886,2861.94744238945,0.15879458379244657
Customer_751,8858.217079064347,1298.6356685167532,0.1466023757293067
Customer_752,10539.20253531235,1091.559048146913,0.10357131334079278
Customer_753,21050.852279581955,3757.5003956642454,0.17849635472045908
Customer_754,11788.072288408515,1500.929376285008,0.12732610893139046
Customer_755,9734.980401982235,1049.5482296319974,0.10781205367586447
Customer_756,8564.91264826554,520.6479626539801,0.06078847316200187
Customer_757,10866.544536720992,1624.6611001750061,0.1495103705400403
Customer_758,8804.166205569192,755.4891433022233,0.08581041357719128
Customer_759,18838.873160567928,3058.8154311079784,0.16236721830637166
Customer_76,9872.550145198897,934.7517266085481,0.09468189199961934
Customer_760,12033.444207070623,2722.4991866937935,0.22624438521883075
Customer_761,7767.386764836537,314.66582703225924,0.040511157298973685
Customer_762,15294.027440221831,1868.2920958455913,0.12215828061954183
Customer_763,6953.123958650784,438.30540757651323,0.06303719165414735
Customer_764,9418.923991895264,2134.370637063659,0.22660450799902715
Customer_765,16619.838194313423,2894.75579062368,0.17417472762244687
Customer_766,10699.301848428311,1066.3106049191042,0.09966169942908391
Customer_767,10008.176827337533,317.14849424216544,0.0316889379268228
Customer_768,10196.871387110317,1214.2862409053746,0.11908419698617874
Customer_769,11659.18256643137,1264.8086043704595,0.10848175651799498
Customer_77,6201.714159685042,280.04346796282414,0.04515581672294395
Customer_770,17398.976856047873,2890.161780854085,0.1661110193298215
Customer_771,15299.148943800865,2312.783248597592,0.15117071263854318
Customer_772,16294.133119820448,3010.0504561534403,0.18473216304413065
Customer_773,15948.423487719354,1514.0522700665292,0.09493429060448412
Customer_774,11899.690389085756,1182.528638405857,0.09937473999243351
Customer_775,8590.538679458341,354.7480893437364,0.04129520890139387
Customer_776,8661.488048171215,990.453699606566,0.11435144793805843
Customer_777,16365.149418361403,2939.398850239022,0.17961332188883466
Customer_778,10456.89357671869,1008.0650727592142,0.09640196348594177
Customer_779,9106.583015233982,170.13085421520117,0.018682183419466678
Customer_78,14595.584388364106,1279.265058394441,0.08764740241674028
Customer_780,13865.045159571724,2972.9645521004495,0.21442155563756427
Customer_781,17312.48470066619,1508.8646180185506,0.08715471199581704
Customer_782,8304.794564348535,1986.1495585990863,0.23915697651635875
Customer_783,10674.563164616304,2014.7644621683148,0.18874444144438535
Customer_784,11369.871077852022,2210.3511359436875,0.19440423913419286
Customer_785,8524.655735627137,997.6119671275154,0.11702665750573255
Customer_786,11935.522466592834,1343.5223519265294,0.11256502224238676
Customer_787,14348.460342376138,2042.65205909616,0.14236036552740627
Customer_788,18689.784173313135,3174.031114182731,0.16982706085578467
Customer_789,17160.01535098888,1435.3765667404498,0.08364657824491592
Customer_79,6391.271866064886,,
Customer_790,12674.53935515654,2049.820213541011,0.16172739348566995
Customer_791,11101.009885837666,990.6510368990203,0.08923972206914824
Customer_792,13824.356686988338,2974.398959806688,0.21515641032368835
Customer_793,22865.571039091916,2712.994461200464,0.11864975760116454
Customer_794,10315.859684800975,821.4747348063242,0.07963221291354479
Customer_795,12821.02416117477,155.7764309090105,0.012150077010285967
Customer_796,8970.916083820845,1240.3960548332875,0.13826860526210435
Customer_797,18973.70861664141,3361.5663517497537,0.17716970465127732
Customer_798,13045.502010692762,1851.562474572696,0.1419311018506655
Customer_799,8275.810478201302,720.6396404068865,0.08707783271560773
Customer_8,12288.036713538833,200.91392491570852,0.016350368215806484
Customer_80,17405.891273764926,5791.790438628235,0.3327488577018705
Customer_800,3389.6065413446695,,
Customer_801,8867.632191695451,2272.1787461554027,0.2562328586748671
Customer_802,9450.03776501278,2195.196304929701,0.23229497696369603
Customer_803,9138.891292503324,,
Customer_804,8277.303784181571,627.4799910085425,0.07580729273313548
Customer_805,10307.568106267168,1380.0158138551576,0.13388374441262102
Customer_806,6106.761840175243,351.34939378112443,0.05753448439231124
Customer_807,5084.607710417712,92.0005916360256,0.01809394094406303
Customer_808,2703.9789790866826,157.84236587107227,0.05837410981811196
Customer_809,4109.81150012712,,
Customer_81,13549.724515829263,1909.9859817499416,0.140961240910738
Customer_810,6346.934018339264,592.6571338609994,0.0933769174452634
Customer_811,7130.250627764855,657.4818065023298,0.09221019580183158
Customer_812,5488.056527542947,311.1091311104607,0.05668839771403504
Customer_813,11436.3849531198,1817.2244455470377,0.15889850271709385
Customer_814,4162.632024618375,,
Customer_815,9235.25488341801,1383.2725116870631,0.14978173630819244
Customer_816,3152.008864693708,584.300900238072,0.1853741297440325
Customer_817,8173.673062603952,656.9423590599381,0.08037296745640213
Customer_818,11653.654416503401,1611.1130423736429,0.13824959834848494
Customer_819,5608.585886396811,,
Customer_82,11359.738272533066,1228.3973742527455,0.10813606306607536
Customer_820,8377.466680060581,49.83,0.005948098858883155
Customer_821,8269.184714536625,2076.328632711905,0.25109230285566975
Customer_822,3297.734342489479,287.6804012654345,0.0872357720143894
Customer_823,5430.0051402965755,46.12139067674787,0.008493802397068968
Customer_824,6303.61514565542,,
Customer_825,15603.683738441136,354.9776475169758,0.022749605379558877
Customer_826,2876.843412261942,895.4348823134228,0.31125603795354984
Customer_827,7623.8033892356,974.3510105189555,0.12780379566119016
Customer_828,7430.957150932581,,
Customer_829,9988.33429541778,1770.2805162961652,0.17723480852140622
Customer_83,14455.274089669525,3720.8001146008555,0.2574008691581939
Customer_830,4587.127617819904,,
Customer_831,13118.329407395888,1174.8230413778733,0.08955584243185176
Customer_832,8641.363147173419,1128.929087235988,0.13064247711951088
Customer_833,5679.346383430552,188.2598791746277,0.033148159394516666
Customer_834,6321.989985328121,429.66272599316636,0.0679632088931356
Customer_835,8980.137347886306,844.7109454865192,0.09406436814525365
Customer_836,10361.314661415025,665.1014019740786,0.06419083134796401
Customer_837,8447.646855993775,585.309456829439,0.0692866861987904
Customer_838,9651.737032316298,1414.4825502569413,0.14655212274442614
Customer_839,3624.0103226951915,,
Customer_84,6689.13676207482,482.09024951840615,0.07207062236366545
Customer_840,10066.887410497682,1181.571626084267,0.1173720910846914
Customer_841,7603.564012536584,1731.8836574546203,0.22777261486838668
Customer_842,11244.241365856575,1115.2952412004602,0.09918812705204662
Customer_843,6494.308652232197,714.173006583764,0.10996905826739409
Customer_844,6604.045094327482,,
Customer_845,5939.51729584285,513.4599577254335,0.08644809538391464
Customer_846,14739.291960177743,1256.526471831097,0.08525012430895253
Customer_847,5334.633216593892,142.0234196336519,0.026622902431581302
Customer_848,3389.333502846332,573.4726598259681,0.16919924207646456
Customer_849,8365.495417010652,535.8944949990604,0.06406010263413166
Customer_85,7786.7995554062645,2340.2748077512288,0.3005438615825688
Customer_850,10686.623589274504,1973.2936496448035,0.1846508051079178
Customer_851,11575.745151879868,480.8060671806944,0.04153564724104287
Customer_852,8469.205447994478,2148.04793040042,0.253630395860698
Customer_853,1967.7007039934374,,
Customer_854,6699.708260054266,1342.1063649064681,0.20032310554603125
Customer_855,4161.845740642672,194.63973422468206,0.046767647422373174
Customer_856,7179.609730364753,329.38546243549035,0.045877906293766785
Customer_857,11203.267389075301,1478.6626326214305,0.13198494521904622
Customer_858,13136.704639063684,877.7915443319,0.0668197670914876
Customer_859,2285.9378821217197,,
Customer_86,9404.297530149277,729.0805492554761,0.0775263167629601
Customer_860,3365.686917134664,,
Customer_861,6791.325957626287,614.429257518937,0.0904726501647247
Customer_862,17642.394289496464,2419.829248701363,0.13715991202747504
Customer_863,7185.014165542016,917.1504593044207,0.1276476897850672
Customer_864,6692.92745405806,,
Customer_865,7224.415287327222,321.30803534219183,0.04447529973890308
Customer_866,5860.228756588697,361.58723172256975,0.061701897100183103
Customer_867,9679.100099658921,646.1195135392403,0.06675408941808637
Customer_868,6398.243146258177,,
Customer_869,6231.224157760988,320.30751445641863,0.0514036257317875
Customer_87,14610.506278948613,2349.7435173632766,0.1608256053897926
Customer_870,3593.9352031453764,798.6559250660374,0.2222232399646665
Customer_871,3256.12196706848,92.898209779866,0.028530322487736296
Customer_872,5901.184431801581,489.33739931209254,0.08292189559015394
Customer_873,4458.025278945284,157.62570713532702,0.035357741886250446
Customer_874,9356.777034376219,309.44098432122706,0.03307132180069698
Customer_875,5378.053842445335,,
Customer_876,10529.93429908606,1594.872811957752,0.1514608511941217
Customer_877,2738.4967541776023,137.10253834261013,0.05006488984639435
Customer_878,6016.328701839826,584.8881234401014,0.09721678326206469
Customer_879,7306.470566986189,1392.8596661010472,0.1906337202526474
Customer_88,6303.936940646303,771.2270391971111,0.12234053837442767
Customer_880,5084.081429019217,552.9017670510987,0.10875155616021681
Customer_881,6873.147438398302,364.18315451162243,0.05298637309553927
Customer_882,10207.848615027684,1111.3747289680296,0.10887453085186799
Customer_883,10271.716795110531,115.73471293580157,0.011267319304489857
Customer_884,6538.139505985854,812.8555369108744,0.12432520538399064
Customer_885,6277.867292278086,,
Customer_886,7812.309907930913,1937.5453551337523,0.2480118400278504
Customer_887,8501.320735714451,1094.1775958655826,0.12870677743857972
Customer_888,3604.438110232202,,
Customer_889,12275.737288800292,1298.051094846533,0.10574119210182215
Customer_89,15462.128340620067,2074.928068918421,0.13419420814581157
Customer_890,10307.170124179112,173.79041007958068,0.01686111784183069
Customer_891,8163.898904622558,313.8417928667247,0.03844263586961144
Customer_892,10161.880344167967,1922.639819693482,0.18920118664818855
Customer_893,7330.050893112142,,
Customer_894,4617.457690853149,555.6078274764158,0.12032764882221549
Customer_895,8026.377633029834,769.6702800000947,0.09589260749865267
Customer_896,6712.5781240355855,,
Customer_897,4797.496785193979,292.9240317706114,0.06105768172156628
Customer_898,4832.814605439206,165.06359623526433,0.03415475446740489
Customer_899,2141.663382509651,41.88623594959762,0.019557805531751845
Customer_9,6254.121836733546,93.55700942846687,0.014959255970831965
Customer_90,9561.944431728802,1376.0026036810093,0.14390405774740817
Customer_900,8600.736841466729,391.28857480931833,0.045494773531821006
Customer_901,5922.774550805025,75.21956382836309,0.01270005521620593
Customer_902,8121.620610086748,,
Customer_903,9850.49121855957,1178.6583054197313,0.1196547744947978
Customer_904,7298.081684550961,46.094055024586055,0.006315913827350118
Customer_905,10418.89627552914,782.5838346750471,0.07511197097845207
Customer_906,12896.46980337329,1589.4578172239221,0.12324751202908044
Customer_907,9973.633123902024,464.4508436172058,0.04656786928568081
Customer_908,10563.70310789954,252.2385202019023,0.023877850184304997
Customer_909,4186.11558050863,,
Customer_91,8856.02566596585,1232.4169469655608,0.1391614019030908
Customer_910,12238.432793309714,349.0074741960656,0.028517333885009745
Customer_911,6353.095956493256,149.5412611879237,0.023538328747432707
Customer_912,4131.246161700472,,
Customer_913,6129.936948085404,587.7726589067557,0.09588559619529821
Customer_914,10457.688252344546,1237.4385257497236,0.11832811381351876
Customer_915,7191.032444010825,796.6883296633969,0.11078914409945854
Customer_916,5015.554999538877,,
Customer_917,13630.99652791709,2214.413808563982,0.16245428601120476
Customer_918,5362.7008675874895,187.6112859181297,0.034984477141371886
Customer_919,6188.496354886165,591.065864850214,0.09551041657858202
Customer_92,8134.008800274517,1337.2472116951565,0.16440198732635072
Customer_920,7540.7712350192005,,
Customer_921,9520.925022008541,1590.0976362113483,0.16701083482284373
Customer_922,6137.9951781344025,695.4168245582887,0.1132970627014496
Customer_923,11685.476648668608,1002.8320700753084,0.08581867049381907
Customer_924,15265.589078247953,2506.6000297212595,0.16419936478526936
Customer_925,5208.38047436537,,
Customer_926,8026.276913513854,,
Customer_927,12219.236701150769,1121.716312240417,0.0917992129684154
Customer_928,7359.544091370944,1762.3564637811455,0.23946543996488942
Customer_929,10899.821412192843,1201.0568440238965,0.11019050667016993
Customer_93,8164.209354311306,66.1889541481186,0.00810720931760109
Customer_930,10942.386322628063,525.1338044282077,0.04799079368476225
Customer_931,6314.227234842939,,
Customer_932,4197.756692143325,620.5229908751578,0.14782252435843918
Customer_933,8505.424451842548,243.41434701598524,0.02861871837133935
Customer_934,4418.516792446932,1436.8600000000001,0.3251905712922007
Customer_935,7748.675226587463,461.2471263366692,0.059525933511063375
Customer_936,4683.039182840071,291.0389340636603,0.06214744799277062
Customer_937,5221.999110476813,270.01191026583354,0.05170661743777646
Customer_938,5618.549920053788,26.35435669114924,0.004690597585879764
Customer_939,7320.497843730655,46.24259845081947,0.006316865251237261
Customer_94,7110.129495055349,1302.5584785755668,0.18319757459852382
Customer_940,5037.452086116386,335.28082278201344,0.06655762021162916
Customer_941,7791.0841475403695,459.4565187088022,0.05897209040590991
Customer_942,5280.8927685210165,,
Customer_943,9439.455900542252,1291.4270222282225,0.13681159548126456
Customer_944,6704.68564872902,549.8032341798859,0.08200283547732172
Customer_945,5841.777880812244,382.4663833196143,0.06547088765148941
Customer_946,10915.69718536678,3239.078339532304,0.2967358185672744
Customer_947,11018.901567881538,1032.741556542078,0.09372454687791805
Customer_948,7458.2719045577,981.5362468802027,0.13160370920244843
Customer_949,4106.8642720108155,,
Customer_95,7028.363686147265,417.42787410911546,0.05939190012774321
Customer_950,5377.560898985939,871.2884701833967,0.16202298524368136
Customer_951,9079.093900622986,840.0670501670772,0.09252763099073509
Customer_952,8988.724486081806,444.19525721683186,0.04941693984553942
Customer_953,6444.152383202181,1274.212300961515,0.19773155958927568
Customer_954,9381.042406674966,148.5245124719273,0.015832410305090028
Customer_955,9463.70614216215,1325.7574071659533,0.1400886066463451
Customer_956,8315.274320994009,1699.6666844549097,0.20440296000381758
Customer_957,6732.331190550327,,
Customer_958,5993.521794706802,969.529009026683,0.1617628236344991
Customer_959,7935.84221554276,1249.789138102534,0.15748664151295208
Customer_96,9088.493388537561,1029.7370584125206,0.11330118363855866
Customer_960,7599.331478296078,1612.10185207987,0.21213732506393254
Customer_961,5092.347985731306,217.38119516149666,0.04268781233540913
Customer_962,6361.427328937723,831.7483513420198,0.1307486996760067
Customer_963,7983.30639124103,1964.60750143892,0.24608945281048092
Customer_964,9286.735385861863,517.5767355941309,0.05573290441569923
Customer_965,4462.428738689942,871.032056294757,0.19519237332414416
Customer_966,5411.706643539473,447.3338551093543,0.08266040356111766
Customer_967,9383.79086518543,1279.090691317959,0.136308524954822
Customer_968,12251.907726498852,2102.0347761364615,0.17156795684888385
Customer_969,5063.705347778091,,
Customer_97,7631.873551746648,598.0510886838396,0.07836229002339382
Customer_970,6789.544165680665,514.1525775362022,0.07572711289442763
Customer_971,6381.11631876423,268.5319460150478,0.04208228350663444
Customer_972,5680.023831856047,154.28820869553542,0.02716330305345199
Customer_973,9922.781081101492,686.5060993858335,0.06918484785412872
Customer_974,6870.872321130673,1537.8126118638834,0.22381621139058225
Customer_975,7102.311096748837,517.5197837722291,0.07286639190011397
Customer_976,8209.511074233078,2504.917721685985,0.3051238617057339
Customer_977,8695.815956513432,880.9713397563938,0.10130979590207626
Customer_978,14724.802060698094,1795.4997768637154,0.12193710784446306
Customer_979,4042.1780141198424,584.755648731699,0.1446635073193395
Customer_98,13055.813073914103,1773.657155357025,0.1358519109698992
Customer_980,5467.409568290288,135.07066402592883,0.024704691012962972
Customer_981,4664.020806048452,1008.0847359612927,0.2161407030290208
Customer_982,7065.545391170537,332.3271482949193,0.04703488972135288
Customer_983,5099.377057802315,,
Customer_984,8607.289061549453,1341.954903719224,0.15590912471082388
Customer_985,7592.768757485713,950.367831916868,0.1251674932125254
Customer_986,2868.103814917369,,
Customer_987,12059.218022972123,782.0196643948606,0.0648482897402765
Customer_988,5190.744561466745,1188.1308790536239,0.22889411431910156
Customer_989,5529.430746277911,204.39960181177028,0.036965758536601646
Customer_99,5290.26604056161,313.3144761706676,0.05922471077416863
Customer_990,3691.4778597381155,178.75321996088024,0.04842321334511852
Customer_991,8502.377183559465,276.7064322522416,0.032544596208610006
Customer_992,6469.093853122043,505.57473260199095,0.0781523261342075
Customer_993,8377.261366446597,884.69,0.10560611174714502
Customer_994,6877.503485264452,716.7730249319627,0.10421994354022512
Customer_995,4400.769746002419,188.11126368700832,0.0427450820070478
Customer_996,9689.933864770968,190.56136147377384,0.019665909399710642
Customer_997,10209.155642740963,2708.4893830843603,0.26530003830534044
Customer_998,6122.456085519154,241.21755450583413,0.03939882150830978
Customer_999,7399.178062441178,426.3921558274914,0.05762696237733381
